
⚠  pull-posts: no CLOUDFLARE_API_TOKEN / CF_API_TOKEN in the environment
   Keeping the committed snapshot of 478 posts.


⚠  pull-galleries: no CLOUDFLARE_API_TOKEN / CF_API_TOKEN in the environment
   Keeping the committed snapshot: 42 galleries, 970 images.

[2m15:15:36[22m [34m[@astrojs/cloudflare][39m Enabling sessions with Cloudflare KV with the "SESSION" KV binding.
[2m15:15:36[22m [34m[@astrojs/cloudflare][39m If you see the error "Invalid binding `SESSION`" in your build output, you need to add the binding to your wrangler config file.
[2m15:15:36[22m [34m[content][39m Syncing content
[2m15:15:36[22m [34m[content][39m Synced content
[2m15:15:36[22m [34m[types][39m Generated [2m45ms[22m
[2m15:15:36[22m [34m[build][39m output: [34m"static"[39m
[2m15:15:36[22m [34m[build][39m mode: [34m"server"[39m
[2m15:15:36[22m [34m[build][39m directory: [34mD:\Codex\Repositories\agent-bridge-workspaces\vinylwraptoronto\vinylwraptoronto\dist\[39m
[2m15:15:36[22m [34m[build][39m adapter: [32m@astrojs/cloudflare[39m
[2m15:15:36[22m [34m[build][39m Collecting build info...
[2m15:15:36[22m [34m[build][39m [32m✓ Completed in 66ms.[39m
[2m15:15:39[22m [34m[build][39m Building server entrypoints...
[2m15:15:48[22m [34m[vite][39m [32m✓ built in 9.50s[39m
[2m15:15:48[22m [34m[build][39m [32m✓ Completed in 9.53s.[39m

[42m[30m building client (vite) [39m[49m
[2m15:15:48[22m [34m[vite][39m transforming...
[2m15:15:48[22m [34m[vite][39m [32m✓[39m 15 modules transformed.
[2m15:15:50[22m [34m[vite][39m rendering chunks...
[2m15:15:50[22m [34m[vite][39m computing gzip size...
[2m15:15:50[22m [34m[vite][39m [2mdist/[22m[36m_astro/edit.astro_astro_type_script_index_0_lang.BcTyhVq4.js          [39m[1m[2m2.49 kB[22m[1m[22m[2m │ gzip: 1.21 kB[22m
[2m15:15:50[22m [34m[vite][39m [2mdist/[22m[36m_astro/Interactions.astro_astro_type_script_index_3_lang.xrG8bjss.js  [39m[1m[2m5.70 kB[22m[1m[22m[2m │ gzip: 2.34 kB[22m
[2m15:15:50[22m [34m[vite][39m [2mdist/[22m[36m_astro/seo.D8HILpyP.js                                                [39m[1m[2m8.09 kB[22m[1m[22m[2m │ gzip: 3.26 kB[22m
[2m15:15:50[22m [34m[vite][39m [2mdist/[22m[36m_astro/_id_.astro_astro_type_script_index_0_lang.BkCiO10J.js          [39m[1m[2m8.62 kB[22m[1m[22m[2m │ gzip: 3.39 kB[22m
[2m15:15:50[22m [34m[vite][39m [32m✓ built in 2.23s[39m

[42m[30m prerendering static routes [39m[49m
[2m15:15:50[22m [32m▶[39m src/pages/404.astro
[2m15:15:50[22m   [34m└─[39m [2m/404.html[22m [2m(+22ms)[22m 
[2m15:15:51[22m [32m▶[39m src/pages/[...slug].astro
[2m15:15:51[22m   [34m├─[39m [2m/author/harjitbrandingcentres-com/index.html[22m [2m(+16ms)[22m 
[2m15:15:51[22m   [34m├─[39m [2m/author/masoud/index.html[22m [2m(+9ms)[22m 
[2m15:15:51[22m   [34m├─[39m [2m/blog/index.html[22m [2m(+11ms)[22m 
[2m15:15:51[22m   [34m├─[39m [2m/blogs/ai-to-print/index.html[22m [2m(+7ms)[22m 
[2m15:15:51[22m   [34m├─[39m [2m/blogs/bicycle-wrap/index.html[22m [2m(+5ms)[22m 
[2m15:15:51[22m   [34m├─[39m [2m/blogs/bus-wrap/index.html[22m [2m(+5ms)[22m 
[2m15:15:51[22m   [34m├─[39m [2m/blogs/carbon-fiber-wrap/index.html[22m [2m(+7ms)[22m 
[2m15:15:51[22m   [34m├─[39m [2m/blogs/equipment-object-wrap/index.html[22m [2m(+7ms)[22m 
[2m15:15:51[22m   [34m├─[39m [2m/blogs/fleet-wrap/index.html[22m [2m(+12ms)[22m 
[2m15:15:51[22m   [34m├─[39m [2m/blogs/fleet-wrap/fleet-lettering-decals/index.html[22m [2m(+8ms)[22m 
[2m15:15:51[22m   [34m├─[39m [2m/blogs/fleet-wrap/full-fleet-wrap/index.html[22m [2m(+9ms)[22m 
[2m15:15:51[22m   [34m├─[39m [2m/blogs/fleet-wrap/partial-fleet-wrap/index.html[22m [2m(+7ms)[22m 
[2m15:15:51[22m   [34m├─[39m [2m/blogs/go-cart-wraps/index.html[22m [2m(+23ms)[22m 
[2m15:15:51[22m   [34m├─[39m [2m/blogs/golf-cart-wraps/index.html[22m [2m(+4ms)[22m 
[2m15:15:51[22m   [34m├─[39m [2m/blogs/object-wraps/index.html[22m [2m(+19ms)[22m 
[2m15:15:51[22m   [34m├─[39m [2m/blogs/signage/index.html[22m [2m(+5ms)[22m 
[2m15:15:51[22m   [34m├─[39m [2m/blogs/signage/storefront-signs/index.html[22m [2m(+6ms)[22m 
[2m15:15:51[22m   [34m├─[39m [2m/blogs/signage/wall-graphics/index.html[22m [2m(+5ms)[22m 
[2m15:15:51[22m   [34m├─[39m [2m/blogs/signage/window-graphics/index.html[22m [2m(+5ms)[22m 
[2m15:15:51[22m   [34m├─[39m [2m/blogs/uncategorized/index.html[22m [2m(+12ms)[22m 
[2m15:15:51[22m   [34m├─[39m [2m/blogs/vending-machine-wraps/index.html[22m [2m(+5ms)[22m 
[2m15:15:51[22m   [34m├─[39m [2m/blogs/vwt-boat-wrap/index.html[22m [2m(+12ms)[22m 
[2m15:15:51[22m   [34m├─[39m [2m/blogs/vwt-car-wrap/index.html[22m [2m(+5ms)[22m 
[2m15:15:51[22m   [34m├─[39m [2m/blogs/vwt-car-wrap/vwt-car-lettering-decals/index.html[22m [2m(+8ms)[22m 
[2m15:15:51[22m   [34m├─[39m [2m/blogs/vwt-car-wrap/vwt-full-car-wrap/index.html[22m [2m(+5ms)[22m 
[2m15:15:51[22m   [34m├─[39m [2m/blogs/vwt-car-wrap/vwt-partial-car-wrap/index.html[22m [2m(+12ms)[22m 
[2m15:15:51[22m   [34m├─[39m [2m/blogs/vwt-jeep-suv-wrap/index.html[22m [2m(+5ms)[22m 
[2m15:15:51[22m   [34m├─[39m [2m/blogs/vwt-jeep-suv-wrap/vwt-full-jeep-suv-wrap/index.html[22m [2m(+6ms)[22m 
[2m15:15:51[22m   [34m├─[39m [2m/blogs/vwt-jeep-suv-wrap/vwt-jeep-suv-lettering-decals/index.html[22m [2m(+5ms)[22m 
[2m15:15:51[22m   [34m├─[39m [2m/blogs/vwt-jeep-suv-wrap/vwt-partial-jeep-suv-wrap/index.html[22m [2m(+25ms)[22m 
[2m15:15:51[22m   [34m├─[39m [2m/blogs/vwt-motorcycle-wrap/index.html[22m [2m(+7ms)[22m 
[2m15:15:51[22m   [34m├─[39m [2m/blogs/vwt-others/index.html[22m [2m(+14ms)[22m 
[2m15:15:51[22m   [34m├─[39m [2m/blogs/vwt-recreational-wrap/index.html[22m [2m(+4ms)[22m 
[2m15:15:51[22m   [34m├─[39m [2m/blogs/vwt-tinting/index.html[22m [2m(+7ms)[22m 
[2m15:15:51[22m   [34m├─[39m [2m/blogs/vwt-trailer-wrap/index.html[22m [2m(+8ms)[22m 
[2m15:15:51[22m   [34m├─[39m [2m/blogs/vwt-trailer-wrap/vwt-full-trailer-wrap/index.html[22m [2m(+6ms)[22m 
[2m15:15:51[22m   [34m├─[39m [2m/blogs/vwt-trailer-wrap/vwt-partial-trailer-wrap/index.html[22m [2m(+4ms)[22m 
[2m15:15:51[22m   [34m├─[39m [2m/blogs/vwt-trailer-wrap/vwt-trailer-decals-lettering/index.html[22m [2m(+14ms)[22m 
[2m15:15:51[22m   [34m├─[39m [2m/blogs/vwt-truck-wrap/index.html[22m [2m(+4ms)[22m 
[2m15:15:51[22m   [34m├─[39m [2m/blogs/vwt-truck-wrap/vwt-full-truck-wrap/index.html[22m [2m(+4ms)[22m 
[2m15:15:51[22m   [34m├─[39m [2m/blogs/vwt-truck-wrap/vwt-partial-truck-wrap/index.html[22m [2m(+10ms)[22m 
[2m15:15:51[22m   [34m├─[39m [2m/blogs/vwt-truck-wrap/vwt-truck-lettering-decals/index.html[22m [2m(+12ms)[22m 
[2m15:15:51[22m   [34m├─[39m [2m/blogs/vwt-van-wrap/index.html[22m [2m(+20ms)[22m 
[2m15:15:51[22m   [34m├─[39m [2m/blogs/vwt-van-wrap/vwt-full-van-wrap/index.html[22m [2m(+18ms)[22m 
[2m15:15:51[22m   [34m├─[39m [2m/blogs/vwt-van-wrap/vwt-partial-van-wrap/index.html[22m [2m(+5ms)[22m 
[2m15:15:51[22m   [34m├─[39m [2m/blogs/vwt-van-wrap/vwt-van-lettering-decals/index.html[22m [2m(+4ms)[22m 
[2m15:15:51[22m   [34m├─[39m [2m/blogs/wrap-projects/index.html[22m [2m(+7ms)[22m 
[2m15:15:51[22m   [34m├─[39m [2m/blogs_vehicles_brand/1966/index.html[22m [2m(+7ms)[22m 
[2m15:15:51[22m   [34m├─[39m [2m/blogs_vehicles_brand/ambulance/index.html[22m [2m(+4ms)[22m 
[2m15:15:51[22m   [34m├─[39m [2m/blogs_vehicles_brand/blocg-audi-q3/index.html[22m [2m(+4ms)[22m 
[2m15:15:51[22m   [34m├─[39m [2m/blogs_vehicles_brand/blog-acura-ilx/index.html[22m [2m(+10ms)[22m 
[2m15:15:51[22m   [34m├─[39m [2m/blogs_vehicles_brand/blog-acura-mdx/index.html[22m [2m(+6ms)[22m 
[2m15:15:51[22m   [34m├─[39m [2m/blogs_vehicles_brand/blog-acura-nsx/index.html[22m [2m(+9ms)[22m 
[2m15:15:51[22m   [34m├─[39m [2m/blogs_vehicles_brand/blog-acura-rdx/index.html[22m [2m(+15ms)[22m 
[2m15:15:51[22m   [34m├─[39m [2m/blogs_vehicles_brand/blog-acura-rlx/index.html[22m [2m(+6ms)[22m 
[2m15:15:52[22m   [34m├─[39m [2m/blogs_vehicles_brand/blog-acura-tl/index.html[22m [2m(+40ms)[22m 
[2m15:15:52[22m   [34m├─[39m [2m/blogs_vehicles_brand/blog-acura-tlx/index.html[22m [2m(+9ms)[22m 
[2m15:15:52[22m   [34m├─[39m [2m/blogs_vehicles_brand/blog-acura-tsx/index.html[22m [2m(+5ms)[22m 
[2m15:15:52[22m   [34m├─[39m [2m/blogs_vehicles_brand/blog-acura-zdx/index.html[22m [2m(+7ms)[22m 
[2m15:15:52[22m   [34m├─[39m [2m/blogs_vehicles_brand/blog-acura/index.html[22m [2m(+4ms)[22m 
[2m15:15:52[22m   [34m├─[39m [2m/blogs_vehicles_brand/blog-alfa-romeo-4c/index.html[22m [2m(+5ms)[22m 
[2m15:15:52[22m   [34m├─[39m [2m/blogs_vehicles_brand/blog-alfa-romeo-giulia/index.html[22m [2m(+4ms)[22m 
[2m15:15:52[22m   [34m├─[39m [2m/blogs_vehicles_brand/blog-alfa-romeo-stelvio/index.html[22m [2m(+7ms)[22m 
[2m15:15:52[22m   [34m├─[39m [2m/blogs_vehicles_brand/blog-alfa-romeo/index.html[22m [2m(+6ms)[22m 
[2m15:15:52[22m   [34m├─[39m [2m/blogs_vehicles_brand/blog-aston-martin-db9/index.html[22m [2m(+4ms)[22m 
[2m15:15:52[22m   [34m├─[39m [2m/blogs_vehicles_brand/blog-aston-martin-dbs/index.html[22m [2m(+13ms)[22m 
[2m15:15:52[22m   [34m├─[39m [2m/blogs_vehicles_brand/blog-aston-martin-dbx/index.html[22m [2m(+6ms)[22m 
[2m15:15:52[22m   [34m├─[39m [2m/blogs_vehicles_brand/blog-aston-martin-rapide/index.html[22m [2m(+20ms)[22m 
[2m15:15:52[22m   [34m├─[39m [2m/blogs_vehicles_brand/blog-aston-martin-v12-vantage/index.html[22m [2m(+19ms)[22m 
[2m15:15:52[22m   [34m├─[39m [2m/blogs_vehicles_brand/blog-aston-martin-v8-vantage/index.html[22m [2m(+4ms)[22m 
[2m15:15:52[22m   [34m├─[39m [2m/blogs_vehicles_brand/blog-aston-martin-valkyrie/index.html[22m [2m(+4ms)[22m 
[2m15:15:52[22m   [34m├─[39m [2m/blogs_vehicles_brand/blog-aston-martin-vanquish/index.html[22m [2m(+5ms)[22m 
[2m15:15:52[22m   [34m├─[39m [2m/blogs_vehicles_brand/blog-aston-martin-zagato/index.html[22m [2m(+11ms)[22m 
[2m15:15:52[22m   [34m├─[39m [2m/blogs_vehicles_brand/blog-aston-martin/index.html[22m [2m(+5ms)[22m 
[2m15:15:52[22m   [34m├─[39m [2m/blogs_vehicles_brand/blog-audi-a3/index.html[22m [2m(+8ms)[22m 
[2m15:15:52[22m   [34m├─[39m [2m/blogs_vehicles_brand/blog-audi-a4/index.html[22m [2m(+7ms)[22m 
[2m15:15:52[22m   [34m├─[39m [2m/blogs_vehicles_brand/blog-audi-a5/index.html[22m [2m(+4ms)[22m 
[2m15:15:52[22m   [34m├─[39m [2m/blogs_vehicles_brand/blog-audi-a6/index.html[22m [2m(+4ms)[22m 
[2m15:15:52[22m   [34m├─[39m [2m/blogs_vehicles_brand/blog-audi-a7/index.html[22m [2m(+5ms)[22m 
[2m15:15:52[22m   [34m├─[39m [2m/blogs_vehicles_brand/blog-audi-a8/index.html[22m [2m(+22ms)[22m 
[2m15:15:52[22m   [34m├─[39m [2m/blogs_vehicles_brand/blog-audi-e-tron/index.html[22m [2m(+5ms)[22m 
[2m15:15:52[22m   [34m├─[39m [2m/blogs_vehicles_brand/blog-audi-q5/index.html[22m [2m(+29ms)[22m 
[2m15:15:52[22m   [34m├─[39m [2m/blogs_vehicles_brand/blog-audi-q7/index.html[22m [2m(+6ms)[22m 
[2m15:15:52[22m   [34m├─[39m [2m/blogs_vehicles_brand/blog-audi-q8/index.html[22m [2m(+4ms)[22m 
[2m15:15:52[22m   [34m├─[39m [2m/blogs_vehicles_brand/blog-audi-r8/index.html[22m [2m(+5ms)[22m 
[2m15:15:52[22m   [34m├─[39m [2m/blogs_vehicles_brand/blog-audi-s4/index.html[22m [2m(+5ms)[22m 
[2m15:15:52[22m   [34m├─[39m [2m/blogs_vehicles_brand/blog-audi-s5/index.html[22m [2m(+4ms)[22m 
[2m15:15:52[22m   [34m├─[39m [2m/blogs_vehicles_brand/blog-audi-s6/index.html[22m [2m(+6ms)[22m 
[2m15:15:52[22m   [34m├─[39m [2m/blogs_vehicles_brand/blog-audi-s7/index.html[22m [2m(+6ms)[22m 
[2m15:15:52[22m   [34m├─[39m [2m/blogs_vehicles_brand/blog-audi-s8/index.html[22m [2m(+7ms)[22m 
[2m15:15:52[22m   [34m├─[39m [2m/blogs_vehicles_brand/blog-audi-tt/index.html[22m [2m(+6ms)[22m 
[2m15:15:52[22m   [34m├─[39m [2m/blogs_vehicles_brand/blog-audi/index.html[22m [2m(+4ms)[22m 
[2m15:15:52[22m   [34m├─[39m [2m/blogs_vehicles_brand/blog-bentley-bentayga/index.html[22m [2m(+16ms)[22m 
[2m15:15:52[22m   [34m├─[39m [2m/blogs_vehicles_brand/blog-bentley-continental-gt/index.html[22m [2m(+14ms)[22m 
[2m15:15:52[22m   [34m├─[39m [2m/blogs_vehicles_brand/blog-bentley-continental/index.html[22m [2m(+24ms)[22m 
[2m15:15:52[22m   [34m├─[39m [2m/blogs_vehicles_brand/blog-bentley-flying-spur/index.html[22m [2m(+7ms)[22m 
[2m15:15:52[22m   [34m├─[39m [2m/blogs_vehicles_brand/blog-bentley-mulsanne/index.html[22m [2m(+14ms)[22m 
[2m15:15:52[22m   [34m├─[39m [2m/blogs_vehicles_brand/blog-bentley/index.html[22m [2m(+4ms)[22m 
[2m15:15:52[22m   [34m├─[39m [2m/blogs_vehicles_brand/blog-bmw-1-series/index.html[22m [2m(+6ms)[22m 
[2m15:15:52[22m   [34m├─[39m [2m/blogs_vehicles_brand/blog-bmw-3-series/index.html[22m [2m(+4ms)[22m 
[2m15:15:52[22m   [34m├─[39m [2m/blogs_vehicles_brand/blog-bmw-4-series/index.html[22m [2m(+4ms)[22m 
[2m15:15:52[22m   [34m├─[39m [2m/blogs_vehicles_brand/blog-bmw-5-series/index.html[22m [2m(+4ms)[22m 
[2m15:15:52[22m   [34m├─[39m [2m/blogs_vehicles_brand/blog-bmw-6-series/index.html[22m [2m(+4ms)[22m 
[2m15:15:52[22m   [34m├─[39m [2m/blogs_vehicles_brand/blog-bmw-7-series/index.html[22m [2m(+4ms)[22m 
[2m15:15:52[22m   [34m├─[39m [2m/blogs_vehicles_brand/blog-bmw-8-series/index.html[22m [2m(+16ms)[22m 
[2m15:15:52[22m   [34m├─[39m [2m/blogs_vehicles_brand/blog-bmw-i3/index.html[22m [2m(+17ms)[22m 
[2m15:15:52[22m   [34m├─[39m [2m/blogs_vehicles_brand/blog-bmw-i8/index.html[22m [2m(+27ms)[22m 
[2m15:15:52[22m   [34m├─[39m [2m/blogs_vehicles_brand/blog-bmw-inext/index.html[22m [2m(+4ms)[22m 
[2m15:15:52[22m   [34m├─[39m [2m/blogs_vehicles_brand/blog-bmw-m/index.html[22m [2m(+10ms)[22m 
[2m15:15:52[22m   [34m├─[39m [2m/blogs_vehicles_brand/blog-bmw-m3/index.html[22m [2m(+6ms)[22m 
[2m15:15:52[22m   [34m├─[39m [2m/blogs_vehicles_brand/blog-bmw-m4/index.html[22m [2m(+4ms)[22m 
[2m15:15:52[22m   [34m├─[39m [2m/blogs_vehicles_brand/blog-bmw-m5/index.html[22m [2m(+4ms)[22m 
[2m15:15:52[22m   [34m├─[39m [2m/blogs_vehicles_brand/blog-bmw-m6/index.html[22m [2m(+4ms)[22m 
[2m15:15:52[22m   [34m├─[39m [2m/blogs_vehicles_brand/blog-bmw-x1/index.html[22m [2m(+4ms)[22m 
[2m15:15:52[22m   [34m├─[39m [2m/blogs_vehicles_brand/blog-bmw-x2/index.html[22m [2m(+7ms)[22m 
[2m15:15:52[22m   [34m├─[39m [2m/blogs_vehicles_brand/blog-bmw-x3/index.html[22m [2m(+4ms)[22m 
[2m15:15:52[22m   [34m├─[39m [2m/blogs_vehicles_brand/blog-bmw-x4/index.html[22m [2m(+4ms)[22m 
[2m15:15:52[22m   [34m├─[39m [2m/blogs_vehicles_brand/blog-bmw-x5/index.html[22m [2m(+10ms)[22m 
[2m15:15:52[22m   [34m├─[39m [2m/blogs_vehicles_brand/blog-bmw-x6/index.html[22m [2m(+13ms)[22m 
[2m15:15:52[22m   [34m├─[39m [2m/blogs_vehicles_brand/blog-bmw-z4/index.html[22m [2m(+11ms)[22m 
[2m15:15:52[22m   [34m├─[39m [2m/blogs_vehicles_brand/blog-bmw/index.html[22m [2m(+8ms)[22m 
[2m15:15:52[22m   [34m├─[39m [2m/blogs_vehicles_brand/blog-bugatti-chiron/index.html[22m [2m(+6ms)[22m 
[2m15:15:52[22m   [34m├─[39m [2m/blogs_vehicles_brand/blog-bugatti-divo/index.html[22m [2m(+8ms)[22m 
[2m15:15:52[22m   [34m├─[39m [2m/blogs_vehicles_brand/blog-bugatti-veyron/index.html[22m [2m(+4ms)[22m 
[2m15:15:52[22m   [34m├─[39m [2m/blogs_vehicles_brand/blog-bugatti/index.html[22m [2m(+4ms)[22m 
[2m15:15:52[22m   [34m├─[39m [2m/blogs_vehicles_brand/blog-buick-enclave/index.html[22m [2m(+4ms)[22m 
[2m15:15:52[22m   [34m├─[39m [2m/blogs_vehicles_brand/blog-buick-encore/index.html[22m [2m(+4ms)[22m 
[2m15:15:52[22m   [34m├─[39m [2m/blogs_vehicles_brand/blog-buick-envision/index.html[22m [2m(+4ms)[22m 
[2m15:15:52[22m   [34m├─[39m [2m/blogs_vehicles_brand/blog-buick-lacrosse/index.html[22m [2m(+4ms)[22m 
[2m15:15:52[22m   [34m├─[39m [2m/blogs_vehicles_brand/blog-buick-regal/index.html[22m [2m(+4ms)[22m 
[2m15:15:52[22m   [34m├─[39m [2m/blogs_vehicles_brand/blog-buick-verano/index.html[22m [2m(+8ms)[22m 
[2m15:15:52[22m   [34m├─[39m [2m/blogs_vehicles_brand/blog-buick/index.html[22m [2m(+12ms)[22m 
[2m15:15:52[22m   [34m├─[39m [2m/blogs_vehicles_brand/blog-cadillac-ats/index.html[22m [2m(+44ms)[22m 
[2m15:15:52[22m   [34m├─[39m [2m/blogs_vehicles_brand/blog-cadillac-ct4/index.html[22m [2m(+9ms)[22m 
[2m15:15:52[22m   [34m├─[39m [2m/blogs_vehicles_brand/blog-cadillac-ct6/index.html[22m [2m(+4ms)[22m 
[2m15:15:52[22m   [34m├─[39m [2m/blogs_vehicles_brand/blog-cadillac-cts-v/index.html[22m [2m(+5ms)[22m 
[2m15:15:52[22m   [34m├─[39m [2m/blogs_vehicles_brand/blog-cadillac-cts/index.html[22m [2m(+4ms)[22m 
[2m15:15:52[22m   [34m├─[39m [2m/blogs_vehicles_brand/blog-cadillac-elr/index.html[22m [2m(+8ms)[22m 
[2m15:15:52[22m   [34m├─[39m [2m/blogs_vehicles_brand/blog-cadillac-escalade/index.html[22m [2m(+5ms)[22m 
[2m15:15:52[22m   [34m├─[39m [2m/blogs_vehicles_brand/blog-cadillac-srx/index.html[22m [2m(+4ms)[22m 
[2m15:15:52[22m   [34m├─[39m [2m/blogs_vehicles_brand/blog-cadillac-xt4/index.html[22m [2m(+4ms)[22m 
[2m15:15:52[22m   [34m├─[39m [2m/blogs_vehicles_brand/blog-cadillac-xt5/index.html[22m [2m(+4ms)[22m 
[2m15:15:52[22m   [34m├─[39m [2m/blogs_vehicles_brand/blog-cadillac-xt6/index.html[22m [2m(+4ms)[22m 
[2m15:15:52[22m   [34m├─[39m [2m/blogs_vehicles_brand/blog-cadillac-xts/index.html[22m [2m(+6ms)[22m 
[2m15:15:52[22m   [34m├─[39m [2m/blogs_vehicles_brand/blog-cadillac/index.html[22m [2m(+51ms)[22m 
[2m15:15:52[22m   [34m├─[39m [2m/blogs_vehicles_brand/blog-chevrolet-blazer/index.html[22m [2m(+4ms)[22m 
[2m15:15:52[22m   [34m├─[39m [2m/blogs_vehicles_brand/blog-chevrolet-bolt/index.html[22m [2m(+6ms)[22m 
[2m15:15:52[22m   [34m├─[39m [2m/blogs_vehicles_brand/blog-chevrolet-camaro/index.html[22m [2m(+6ms)[22m 
[2m15:15:52[22m   [34m├─[39m [2m/blogs_vehicles_brand/blog-chevrolet-caprice/index.html[22m [2m(+5ms)[22m 
[2m15:15:52[22m   [34m├─[39m [2m/blogs_vehicles_brand/blog-chevrolet-colorado/index.html[22m [2m(+8ms)[22m 
[2m15:15:52[22m   [34m├─[39m [2m/blogs_vehicles_brand/blog-chevrolet-corvette/index.html[22m [2m(+4ms)[22m 
[2m15:15:52[22m   [34m├─[39m [2m/blogs_vehicles_brand/blog-chevrolet-cruze/index.html[22m [2m(+4ms)[22m 
[2m15:15:52[22m   [34m├─[39m [2m/blogs_vehicles_brand/blog-chevrolet-equinox/index.html[22m [2m(+9ms)[22m 
[2m15:15:52[22m   [34m├─[39m [2m/blogs_vehicles_brand/blog-chevrolet-express/index.html[22m [2m(+4ms)[22m 
[2m15:15:52[22m   [34m├─[39m [2m/blogs_vehicles_brand/blog-chevrolet-impala/index.html[22m [2m(+8ms)[22m 
[2m15:15:52[22m   [34m├─[39m [2m/blogs_vehicles_brand/blog-chevrolet-orlando/index.html[22m [2m(+5ms)[22m 
[2m15:15:52[22m   [34m├─[39m [2m/blogs_vehicles_brand/blog-chevrolet-silverado/index.html[22m [2m(+44ms)[22m 
[2m15:15:52[22m   [34m├─[39m [2m/blogs_vehicles_brand/blog-chevrolet-sonic/index.html[22m [2m(+8ms)[22m 
[2m15:15:52[22m   [34m├─[39m [2m/blogs_vehicles_brand/blog-chevrolet-spark/index.html[22m [2m(+4ms)[22m 
[2m15:15:52[22m   [34m├─[39m [2m/blogs_vehicles_brand/blog-chevrolet-ss/index.html[22m [2m(+5ms)[22m 
[2m15:15:52[22m   [34m├─[39m [2m/blogs_vehicles_brand/blog-chevrolet-ssr/index.html[22m [2m(+8ms)[22m 
[2m15:15:52[22m   [34m├─[39m [2m/blogs_vehicles_brand/blog-chevrolet-suburban/index.html[22m [2m(+4ms)[22m 
[2m15:15:52[22m   [34m├─[39m [2m/blogs_vehicles_brand/blog-chevrolet-tahoe/index.html[22m [2m(+5ms)[22m 
[2m15:15:52[22m   [34m├─[39m [2m/blogs_vehicles_brand/blog-chevrolet-traverse/index.html[22m [2m(+4ms)[22m 
[2m15:15:52[22m   [34m├─[39m [2m/blogs_vehicles_brand/blog-chevrolet-trax/index.html[22m [2m(+8ms)[22m 
[2m15:15:52[22m   [34m├─[39m [2m/blogs_vehicles_brand/blog-chevrolet-volt/index.html[22m [2m(+4ms)[22m 
[2m15:15:52[22m   [34m├─[39m [2m/blogs_vehicles_brand/blog-chevrolet/index.html[22m [2m(+6ms)[22m 
[2m15:15:52[22m   [34m├─[39m [2m/blogs_vehicles_brand/blog-chrysler-200/index.html[22m [2m(+4ms)[22m 
[2m15:15:52[22m   [34m├─[39m [2m/blogs_vehicles_brand/blog-chrysler-300/index.html[22m [2m(+6ms)[22m 
[2m15:15:52[22m   [34m├─[39m [2m/blogs_vehicles_brand/blog-chrysler-pacifica-minivan/index.html[22m [2m(+55ms)[22m 
[2m15:15:53[22m   [34m├─[39m [2m/blogs_vehicles_brand/blog-chrysler-town-country/index.html[22m [2m(+10ms)[22m 
[2m15:15:53[22m   [34m├─[39m [2m/blogs_vehicles_brand/blog-chrysler/index.html[22m [2m(+12ms)[22m 
[2m15:15:53[22m   [34m├─[39m [2m/blogs_vehicles_brand/blog-citroen-ds/index.html[22m [2m(+4ms)[22m 
[2m15:15:53[22m   [34m├─[39m [2m/blogs_vehicles_brand/blog-citroen/index.html[22m [2m(+3ms)[22m 
[2m15:15:53[22m   [34m├─[39m [2m/blogs_vehicles_brand/blog-detroit-electric-blog-detroit-electric/index.html[22m [2m(+4ms)[22m 
[2m15:15:53[22m   [34m├─[39m [2m/blogs_vehicles_brand/blog-detroit-electric/index.html[22m [2m(+4ms)[22m 
[2m15:15:53[22m   [34m├─[39m [2m/blogs_vehicles_brand/blog-dodge-caravan/index.html[22m [2m(+5ms)[22m 
[2m15:15:53[22m   [34m├─[39m [2m/blogs_vehicles_brand/blog-dodge-challenger/index.html[22m [2m(+4ms)[22m 
[2m15:15:53[22m   [34m├─[39m [2m/blogs_vehicles_brand/blog-dodge-charger/index.html[22m [2m(+5ms)[22m 
[2m15:15:53[22m   [34m├─[39m [2m/blogs_vehicles_brand/blog-dodge-dakota/index.html[22m [2m(+4ms)[22m 
[2m15:15:53[22m   [34m├─[39m [2m/blogs_vehicles_brand/blog-dodge-dart/index.html[22m [2m(+3ms)[22m 
[2m15:15:53[22m   [34m├─[39m [2m/blogs_vehicles_brand/blog-dodge-durango/index.html[22m [2m(+8ms)[22m 
[2m15:15:53[22m   [34m├─[39m [2m/blogs_vehicles_brand/blog-dodge-grant-caravan/index.html[22m [2m(+64ms)[22m 
[2m15:15:53[22m   [34m├─[39m [2m/blogs_vehicles_brand/blog-dodge-journey/index.html[22m [2m(+5ms)[22m 
[2m15:15:53[22m   [34m├─[39m [2m/blogs_vehicles_brand/blog-dodge-ram-1500/index.html[22m [2m(+4ms)[22m 
[2m15:15:53[22m   [34m├─[39m [2m/blogs_vehicles_brand/blog-dodge-srt/index.html[22m [2m(+4ms)[22m 
[2m15:15:53[22m   [34m├─[39m [2m/blogs_vehicles_brand/blog-dodge/index.html[22m [2m(+5ms)[22m 
[2m15:15:53[22m   [34m├─[39m [2m/blogs_vehicles_brand/blog-ferrari-458/index.html[22m [2m(+4ms)[22m 
[2m15:15:53[22m   [34m├─[39m [2m/blogs_vehicles_brand/blog-ferrari-488/index.html[22m [2m(+4ms)[22m 
[2m15:15:53[22m   [34m├─[39m [2m/blogs_vehicles_brand/blog-ferrari-california/index.html[22m [2m(+4ms)[22m 
[2m15:15:53[22m   [34m├─[39m [2m/blogs_vehicles_brand/blog-ferrari-f8-tributo/index.html[22m [2m(+4ms)[22m 
[2m15:15:53[22m   [34m├─[39m [2m/blogs_vehicles_brand/blog-ferrari-la-ferrari/index.html[22m [2m(+4ms)[22m 
[2m15:15:53[22m   [34m├─[39m [2m/blogs_vehicles_brand/blog-ferrari/index.html[22m [2m(+4ms)[22m 
[2m15:15:53[22m   [34m├─[39m [2m/blogs_vehicles_brand/blog-fiat-124/index.html[22m [2m(+4ms)[22m 
[2m15:15:53[22m   [34m├─[39m [2m/blogs_vehicles_brand/blog-fiat-500/index.html[22m [2m(+9ms)[22m 
[2m15:15:53[22m   [34m├─[39m [2m/blogs_vehicles_brand/blog-fiat-500l/index.html[22m [2m(+62ms)[22m 
[2m15:15:53[22m   [34m├─[39m [2m/blogs_vehicles_brand/blog-fiat-500x/index.html[22m [2m(+4ms)[22m 
[2m15:15:53[22m   [34m├─[39m [2m/blogs_vehicles_brand/blog-fiat/index.html[22m [2m(+4ms)[22m 
[2m15:15:53[22m   [34m├─[39m [2m/blogs_vehicles_brand/blog-fisker-karma/index.html[22m [2m(+4ms)[22m 
[2m15:15:53[22m   [34m├─[39m [2m/blogs_vehicles_brand/blog-fisker/index.html[22m [2m(+4ms)[22m 
[2m15:15:53[22m   [34m├─[39m [2m/blogs_vehicles_brand/blog-ford-bronco/index.html[22m [2m(+4ms)[22m 
[2m15:15:53[22m   [34m├─[39m [2m/blogs_vehicles_brand/blog-ford-c-max/index.html[22m [2m(+5ms)[22m 
[2m15:15:53[22m   [34m├─[39m [2m/blogs_vehicles_brand/blog-ford-e-van/index.html[22m [2m(+5ms)[22m 
[2m15:15:53[22m   [34m├─[39m [2m/blogs_vehicles_brand/blog-ford-econline/index.html[22m [2m(+3ms)[22m 
[2m15:15:53[22m   [34m├─[39m [2m/blogs_vehicles_brand/blog-ford-ecosport/index.html[22m [2m(+3ms)[22m 
[2m15:15:53[22m   [34m├─[39m [2m/blogs_vehicles_brand/blog-ford-edge/index.html[22m [2m(+5ms)[22m 
[2m15:15:53[22m   [34m├─[39m [2m/blogs_vehicles_brand/blog-ford-escape/index.html[22m [2m(+5ms)[22m 
[2m15:15:53[22m   [34m├─[39m [2m/blogs_vehicles_brand/blog-ford-expedition/index.html[22m [2m(+31ms)[22m 
[2m15:15:53[22m   [34m├─[39m [2m/blogs_vehicles_brand/blog-ford-explorer/index.html[22m [2m(+35ms)[22m 
[2m15:15:53[22m   [34m├─[39m [2m/blogs_vehicles_brand/blog-ford-f-series-f150-250-f350/index.html[22m [2m(+5ms)[22m 
[2m15:15:53[22m   [34m├─[39m [2m/blogs_vehicles_brand/blog-ford-fiesta/index.html[22m [2m(+6ms)[22m 
[2m15:15:53[22m   [34m├─[39m [2m/blogs_vehicles_brand/blog-ford-flex/index.html[22m [2m(+4ms)[22m 
[2m15:15:53[22m   [34m├─[39m [2m/blogs_vehicles_brand/blog-ford-focus/index.html[22m [2m(+4ms)[22m 
[2m15:15:53[22m   [34m├─[39m [2m/blogs_vehicles_brand/blog-ford-fusion/index.html[22m [2m(+4ms)[22m 
[2m15:15:53[22m   [34m├─[39m [2m/blogs_vehicles_brand/blog-ford-gt/index.html[22m [2m(+5ms)[22m 
[2m15:15:53[22m   [34m├─[39m [2m/blogs_vehicles_brand/blog-ford-mustang-mach-e/index.html[22m [2m(+9ms)[22m 
[2m15:15:53[22m   [34m├─[39m [2m/blogs_vehicles_brand/blog-ford-mustang/index.html[22m [2m(+4ms)[22m 
[2m15:15:53[22m   [34m├─[39m [2m/blogs_vehicles_brand/blog-ford-ranger/index.html[22m [2m(+4ms)[22m 
[2m15:15:53[22m   [34m├─[39m [2m/blogs_vehicles_brand/blog-ford-shelby/index.html[22m [2m(+5ms)[22m 
[2m15:15:53[22m   [34m├─[39m [2m/blogs_vehicles_brand/blog-ford-taurus/index.html[22m [2m(+4ms)[22m 
[2m15:15:53[22m   [34m├─[39m [2m/blogs_vehicles_brand/blog-ford-transit/index.html[22m [2m(+61ms)[22m 
[2m15:15:53[22m   [34m├─[39m [2m/blogs_vehicles_brand/blog-ford/index.html[22m [2m(+6ms)[22m 
[2m15:15:53[22m   [34m├─[39m [2m/blogs_vehicles_brand/blog-general-motors/index.html[22m [2m(+4ms)[22m 
[2m15:15:53[22m   [34m├─[39m [2m/blogs_vehicles_brand/blog-genesis-g70/index.html[22m [2m(+4ms)[22m 
[2m15:15:53[22m   [34m├─[39m [2m/blogs_vehicles_brand/blog-genesis-g80/index.html[22m [2m(+3ms)[22m 
[2m15:15:53[22m   [34m├─[39m [2m/blogs_vehicles_brand/blog-genesis-g90/index.html[22m [2m(+5ms)[22m 
[2m15:15:53[22m   [34m├─[39m [2m/blogs_vehicles_brand/blog-genesis-gv80/index.html[22m [2m(+5ms)[22m 
[2m15:15:53[22m   [34m├─[39m [2m/blogs_vehicles_brand/blog-genesis/index.html[22m [2m(+4ms)[22m 
[2m15:15:53[22m   [34m├─[39m [2m/blogs_vehicles_brand/blog-gmc-acadia/index.html[22m [2m(+4ms)[22m 
[2m15:15:53[22m   [34m├─[39m [2m/blogs_vehicles_brand/blog-gmc-canyon/index.html[22m [2m(+3ms)[22m 
[2m15:15:53[22m   [34m├─[39m [2m/blogs_vehicles_brand/blog-gmc-hummer-ev/index.html[22m [2m(+7ms)[22m 
[2m15:15:53[22m   [34m├─[39m [2m/blogs_vehicles_brand/blog-gmc-savana/index.html[22m [2m(+4ms)[22m 
[2m15:15:53[22m   [34m├─[39m [2m/blogs_vehicles_brand/blog-gmc-sierra/index.html[22m [2m(+33ms)[22m 
[2m15:15:53[22m   [34m├─[39m [2m/blogs_vehicles_brand/blog-gmc-terrain/index.html[22m [2m(+26ms)[22m 
[2m15:15:53[22m   [34m├─[39m [2m/blogs_vehicles_brand/blog-gmc-yukon-xl/index.html[22m [2m(+4ms)[22m 
[2m15:15:53[22m   [34m├─[39m [2m/blogs_vehicles_brand/blog-gmc-yukon/index.html[22m [2m(+4ms)[22m 
[2m15:15:53[22m   [34m├─[39m [2m/blogs_vehicles_brand/blog-gmc/index.html[22m [2m(+5ms)[22m 
[2m15:15:53[22m   [34m├─[39m [2m/blogs_vehicles_brand/blog-honda-accord-coupe/index.html[22m [2m(+5ms)[22m 
[2m15:15:53[22m   [34m├─[39m [2m/blogs_vehicles_brand/blog-honda-accord-hybrid/index.html[22m [2m(+5ms)[22m 
[2m15:15:53[22m   [34m├─[39m [2m/blogs_vehicles_brand/blog-honda-accord/index.html[22m [2m(+6ms)[22m 
[2m15:15:53[22m   [34m├─[39m [2m/blogs_vehicles_brand/blog-honda-civic-coupe/index.html[22m [2m(+7ms)[22m 
[2m15:15:53[22m   [34m├─[39m [2m/blogs_vehicles_brand/blog-honda-civic-hybrid/index.html[22m [2m(+6ms)[22m 
[2m15:15:53[22m   [34m├─[39m [2m/blogs_vehicles_brand/blog-honda-civic/index.html[22m [2m(+4ms)[22m 
[2m15:15:53[22m   [34m├─[39m [2m/blogs_vehicles_brand/blog-honda-clarity/index.html[22m [2m(+4ms)[22m 
[2m15:15:53[22m   [34m├─[39m [2m/blogs_vehicles_brand/blog-honda-cr-v/index.html[22m [2m(+17ms)[22m 
[2m15:15:53[22m   [34m├─[39m [2m/blogs_vehicles_brand/blog-honda-cr-z/index.html[22m [2m(+45ms)[22m 
[2m15:15:53[22m   [34m├─[39m [2m/blogs_vehicles_brand/blog-honda-fit/index.html[22m [2m(+4ms)[22m 
[2m15:15:53[22m   [34m├─[39m [2m/blogs_vehicles_brand/blog-honda-hr-v/index.html[22m [2m(+4ms)[22m 
[2m15:15:53[22m   [34m├─[39m [2m/blogs_vehicles_brand/blog-honda-insight/index.html[22m [2m(+3ms)[22m 
[2m15:15:53[22m   [34m├─[39m [2m/blogs_vehicles_brand/blog-honda-odyssey/index.html[22m [2m(+6ms)[22m 
[2m15:15:53[22m   [34m├─[39m [2m/blogs_vehicles_brand/blog-honda-passport/index.html[22m [2m(+4ms)[22m 
[2m15:15:53[22m   [34m├─[39m [2m/blogs_vehicles_brand/blog-honda-pilot/index.html[22m [2m(+4ms)[22m 
[2m15:15:53[22m   [34m├─[39m [2m/blogs_vehicles_brand/blog-honda-ridgeline/index.html[22m [2m(+4ms)[22m 
[2m15:15:53[22m   [34m├─[39m [2m/blogs_vehicles_brand/blog-honda/index.html[22m [2m(+8ms)[22m 
[2m15:15:53[22m   [34m├─[39m [2m/blogs_vehicles_brand/blog-hyundai-accent-5dr/index.html[22m [2m(+6ms)[22m 
[2m15:15:53[22m   [34m├─[39m [2m/blogs_vehicles_brand/blog-hyundai-accent/index.html[22m [2m(+4ms)[22m 
[2m15:15:53[22m   [34m├─[39m [2m/blogs_vehicles_brand/blog-hyundai-elantra-touring/index.html[22m [2m(+16ms)[22m 
[2m15:15:53[22m   [34m├─[39m [2m/blogs_vehicles_brand/blog-hyundai-elantra/index.html[22m [2m(+56ms)[22m 
[2m15:15:53[22m   [34m├─[39m [2m/blogs_vehicles_brand/blog-hyundai-equus/index.html[22m [2m(+5ms)[22m 
[2m15:15:53[22m   [34m├─[39m [2m/blogs_vehicles_brand/blog-hyundai-genesis-coupe/index.html[22m [2m(+4ms)[22m 
[2m15:15:53[22m   [34m├─[39m [2m/blogs_vehicles_brand/blog-hyundai-genesis/index.html[22m [2m(+4ms)[22m 
[2m15:15:53[22m   [34m├─[39m [2m/blogs_vehicles_brand/blog-hyundai-ioniq/index.html[22m [2m(+4ms)[22m 
[2m15:15:53[22m   [34m├─[39m [2m/blogs_vehicles_brand/blog-hyundai-kona/index.html[22m [2m(+4ms)[22m 
[2m15:15:53[22m   [34m├─[39m [2m/blogs_vehicles_brand/blog-hyundai-palisade/index.html[22m [2m(+3ms)[22m 
[2m15:15:53[22m   [34m├─[39m [2m/blogs_vehicles_brand/blog-hyundai-santa-fe/index.html[22m [2m(+3ms)[22m 
[2m15:15:53[22m   [34m├─[39m [2m/blogs_vehicles_brand/blog-hyundai-sonata/index.html[22m [2m(+5ms)[22m 
[2m15:15:53[22m   [34m├─[39m [2m/blogs_vehicles_brand/blog-hyundai-tucson/index.html[22m [2m(+4ms)[22m 
[2m15:15:53[22m   [34m├─[39m [2m/blogs_vehicles_brand/blog-hyundai-veloster/index.html[22m [2m(+4ms)[22m 
[2m15:15:53[22m   [34m├─[39m [2m/blogs_vehicles_brand/blog-hyundai-venue/index.html[22m [2m(+3ms)[22m 
[2m15:15:53[22m   [34m├─[39m [2m/blogs_vehicles_brand/blog-hyundai/index.html[22m [2m(+4ms)[22m 
[2m15:15:53[22m   [34m├─[39m [2m/blogs_vehicles_brand/blog-infiniti-ex-35/index.html[22m [2m(+4ms)[22m 
[2m15:15:53[22m   [34m├─[39m [2m/blogs_vehicles_brand/blog-infiniti-ex-37/index.html[22m [2m(+68ms)[22m 
[2m15:15:53[22m   [34m├─[39m [2m/blogs_vehicles_brand/blog-infiniti-g25/index.html[22m [2m(+4ms)[22m 
[2m15:15:53[22m   [34m├─[39m [2m/blogs_vehicles_brand/blog-infiniti-g37-coupe/index.html[22m [2m(+5ms)[22m 
[2m15:15:53[22m   [34m├─[39m [2m/blogs_vehicles_brand/blog-infiniti-jx/index.html[22m [2m(+4ms)[22m 
[2m15:15:54[22m   [34m├─[39m [2m/blogs_vehicles_brand/blog-infiniti-m35/index.html[22m [2m(+3ms)[22m 
[2m15:15:54[22m   [34m├─[39m [2m/blogs_vehicles_brand/blog-infiniti-q-45/index.html[22m [2m(+4ms)[22m 
[2m15:15:54[22m   [34m├─[39m [2m/blogs_vehicles_brand/blog-infiniti-q50/index.html[22m [2m(+4ms)[22m 
[2m15:15:54[22m   [34m├─[39m [2m/blogs_vehicles_brand/blog-infiniti-qx50/index.html[22m [2m(+3ms)[22m 
[2m15:15:54[22m   [34m├─[39m [2m/blogs_vehicles_brand/blog-infiniti-qx60/index.html[22m [2m(+3ms)[22m 
[2m15:15:54[22m   [34m├─[39m [2m/blogs_vehicles_brand/blog-infiniti/index.html[22m [2m(+5ms)[22m 
[2m15:15:54[22m   [34m├─[39m [2m/blogs_vehicles_brand/blog-jaguar-e-pace/index.html[22m [2m(+5ms)[22m 
[2m15:15:54[22m   [34m├─[39m [2m/blogs_vehicles_brand/blog-jaguar-f-pace/index.html[22m [2m(+4ms)[22m 
[2m15:15:54[22m   [34m├─[39m [2m/blogs_vehicles_brand/blog-jaguar-f-type/index.html[22m [2m(+4ms)[22m 
[2m15:15:54[22m   [34m├─[39m [2m/blogs_vehicles_brand/blog-jaguar-i-pace/index.html[22m [2m(+71ms)[22m 
[2m15:15:54[22m   [34m├─[39m [2m/blogs_vehicles_brand/blog-jaguar-r-coupe/index.html[22m [2m(+8ms)[22m 
[2m15:15:54[22m   [34m├─[39m [2m/blogs_vehicles_brand/blog-jaguar-xe/index.html[22m [2m(+10ms)[22m 
[2m15:15:54[22m   [34m├─[39m [2m/blogs_vehicles_brand/blog-jaguar-xf/index.html[22m [2m(+5ms)[22m 
[2m15:15:54[22m   [34m├─[39m [2m/blogs_vehicles_brand/blog-jaguar-xj/index.html[22m [2m(+4ms)[22m 
[2m15:15:54[22m   [34m├─[39m [2m/blogs_vehicles_brand/blog-jaguar-xjr/index.html[22m [2m(+6ms)[22m 
[2m15:15:54[22m   [34m├─[39m [2m/blogs_vehicles_brand/blog-jaguar-xk/index.html[22m [2m(+4ms)[22m 
[2m15:15:54[22m   [34m├─[39m [2m/blogs_vehicles_brand/blog-jaguar-xkr/index.html[22m [2m(+3ms)[22m 
[2m15:15:54[22m   [34m├─[39m [2m/blogs_vehicles_brand/blog-jaguar/index.html[22m [2m(+3ms)[22m 
[2m15:15:54[22m   [34m├─[39m [2m/blogs_vehicles_brand/blog-jeep-cherokee/index.html[22m [2m(+3ms)[22m 
[2m15:15:54[22m   [34m├─[39m [2m/blogs_vehicles_brand/blog-jeep-compass/index.html[22m [2m(+4ms)[22m 
[2m15:15:54[22m   [34m├─[39m [2m/blogs_vehicles_brand/blog-jeep-gladiator/index.html[22m [2m(+24ms)[22m 
[2m15:15:54[22m   [34m├─[39m [2m/blogs_vehicles_brand/blog-jeep-grand-cherokee/index.html[22m [2m(+6ms)[22m 
[2m15:15:54[22m   [34m├─[39m [2m/blogs_vehicles_brand/blog-jeep-liberty/index.html[22m [2m(+49ms)[22m 
[2m15:15:54[22m   [34m├─[39m [2m/blogs_vehicles_brand/blog-jeep-renegade/index.html[22m [2m(+5ms)[22m 
[2m15:15:54[22m   [34m├─[39m [2m/blogs_vehicles_brand/blog-jeep-wrangler/index.html[22m [2m(+4ms)[22m 
[2m15:15:54[22m   [34m├─[39m [2m/blogs_vehicles_brand/blog-jeep/index.html[22m [2m(+7ms)[22m 
[2m15:15:54[22m   [34m├─[39m [2m/blogs_vehicles_brand/blog-karma-revero/index.html[22m [2m(+4ms)[22m 
[2m15:15:54[22m   [34m├─[39m [2m/blogs_vehicles_brand/blog-karma-vision/index.html[22m [2m(+4ms)[22m 
[2m15:15:54[22m   [34m├─[39m [2m/blogs_vehicles_brand/blog-karma/index.html[22m [2m(+3ms)[22m 
[2m15:15:54[22m   [34m├─[39m [2m/blogs_vehicles_brand/blog-kia-cadenza/index.html[22m [2m(+3ms)[22m 
[2m15:15:54[22m   [34m├─[39m [2m/blogs_vehicles_brand/blog-kia-forte/index.html[22m [2m(+6ms)[22m 
[2m15:15:54[22m   [34m├─[39m [2m/blogs_vehicles_brand/blog-kia-forte5/index.html[22m [2m(+4ms)[22m 
[2m15:15:54[22m   [34m├─[39m [2m/blogs_vehicles_brand/blog-kia-k9/index.html[22m [2m(+3ms)[22m 
[2m15:15:54[22m   [34m├─[39m [2m/blogs_vehicles_brand/blog-kia-koup/index.html[22m [2m(+4ms)[22m 
[2m15:15:54[22m   [34m├─[39m [2m/blogs_vehicles_brand/blog-kia-niro/index.html[22m [2m(+16ms)[22m 
[2m15:15:54[22m   [34m├─[39m [2m/blogs_vehicles_brand/blog-kia-optima/index.html[22m [2m(+53ms)[22m 
[2m15:15:54[22m   [34m├─[39m [2m/blogs_vehicles_brand/blog-kia-rio/index.html[22m [2m(+4ms)[22m 
[2m15:15:54[22m   [34m├─[39m [2m/blogs_vehicles_brand/blog-kia-rio5/index.html[22m [2m(+6ms)[22m 
[2m15:15:54[22m   [34m├─[39m [2m/blogs_vehicles_brand/blog-kia-rondo/index.html[22m [2m(+6ms)[22m 
[2m15:15:54[22m   [34m├─[39m [2m/blogs_vehicles_brand/blog-kia-sedona/index.html[22m [2m(+4ms)[22m 
[2m15:15:54[22m   [34m├─[39m [2m/blogs_vehicles_brand/blog-kia-seltos/index.html[22m [2m(+4ms)[22m 
[2m15:15:54[22m   [34m├─[39m [2m/blogs_vehicles_brand/blog-kia-sorento/index.html[22m [2m(+4ms)[22m 
[2m15:15:54[22m   [34m├─[39m [2m/blogs_vehicles_brand/blog-kia-soul/index.html[22m [2m(+4ms)[22m 
[2m15:15:54[22m   [34m├─[39m [2m/blogs_vehicles_brand/blog-kia-sportage/index.html[22m [2m(+6ms)[22m 
[2m15:15:54[22m   [34m├─[39m [2m/blogs_vehicles_brand/blog-kia-stinger/index.html[22m [2m(+4ms)[22m 
[2m15:15:54[22m   [34m├─[39m [2m/blogs_vehicles_brand/blog-kia-stonic/index.html[22m [2m(+4ms)[22m 
[2m15:15:54[22m   [34m├─[39m [2m/blogs_vehicles_brand/blog-kia/index.html[22m [2m(+6ms)[22m 
[2m15:15:54[22m   [34m├─[39m [2m/blogs_vehicles_brand/blog-lamborghini-aventador/index.html[22m [2m(+4ms)[22m 
[2m15:15:54[22m   [34m├─[39m [2m/blogs_vehicles_brand/blog-lamborghini-gallardo/index.html[22m [2m(+51ms)[22m 
[2m15:15:54[22m   [34m├─[39m [2m/blogs_vehicles_brand/blog-lamborghini-huracan/index.html[22m [2m(+17ms)[22m 
[2m15:15:54[22m   [34m├─[39m [2m/blogs_vehicles_brand/blog-lamborghini-urus/index.html[22m [2m(+4ms)[22m 
[2m15:15:54[22m   [34m├─[39m [2m/blogs_vehicles_brand/blog-lamborghini/index.html[22m [2m(+5ms)[22m 
[2m15:15:54[22m   [34m├─[39m [2m/blogs_vehicles_brand/blog-land-rover-defender/index.html[22m [2m(+4ms)[22m 
[2m15:15:54[22m   [34m├─[39m [2m/blogs_vehicles_brand/blog-land-rover-discovery/index.html[22m [2m(+5ms)[22m 
[2m15:15:54[22m   [34m├─[39m [2m/blogs_vehicles_brand/blog-land-rover-evoque/index.html[22m [2m(+5ms)[22m 
[2m15:15:54[22m   [34m├─[39m [2m/blogs_vehicles_brand/blog-land-rover-lr2/index.html[22m [2m(+3ms)[22m 
[2m15:15:54[22m   [34m├─[39m [2m/blogs_vehicles_brand/blog-land-rover-range-rover/index.html[22m [2m(+4ms)[22m 
[2m15:15:54[22m   [34m├─[39m [2m/blogs_vehicles_brand/blog-land-rover-velar/index.html[22m [2m(+4ms)[22m 
[2m15:15:54[22m   [34m├─[39m [2m/blogs_vehicles_brand/blog-land-rover/index.html[22m [2m(+22ms)[22m 
[2m15:15:54[22m   [34m├─[39m [2m/blogs_vehicles_brand/blog-lexus-ct/index.html[22m [2m(+17ms)[22m 
[2m15:15:54[22m   [34m├─[39m [2m/blogs_vehicles_brand/blog-lexus-es/index.html[22m [2m(+15ms)[22m 
[2m15:15:54[22m   [34m├─[39m [2m/blogs_vehicles_brand/blog-lexus-gs/index.html[22m [2m(+16ms)[22m 
[2m15:15:54[22m   [34m├─[39m [2m/blogs_vehicles_brand/blog-lexus-gx/index.html[22m [2m(+13ms)[22m 
[2m15:15:54[22m   [34m├─[39m [2m/blogs_vehicles_brand/blog-lexus-hs/index.html[22m [2m(+4ms)[22m 
[2m15:15:54[22m   [34m├─[39m [2m/blogs_vehicles_brand/blog-lexus-is-f/index.html[22m [2m(+4ms)[22m 
[2m15:15:54[22m   [34m├─[39m [2m/blogs_vehicles_brand/blog-lexus-is/index.html[22m [2m(+4ms)[22m 
[2m15:15:54[22m   [34m├─[39m [2m/blogs_vehicles_brand/blog-lexus-lc/index.html[22m [2m(+4ms)[22m 
[2m15:15:54[22m   [34m├─[39m [2m/blogs_vehicles_brand/blog-lexus-ls/index.html[22m [2m(+4ms)[22m 
[2m15:15:54[22m   [34m├─[39m [2m/blogs_vehicles_brand/blog-lexus-lx/index.html[22m [2m(+5ms)[22m 
[2m15:15:54[22m   [34m├─[39m [2m/blogs_vehicles_brand/blog-lexus-nx/index.html[22m [2m(+4ms)[22m 
[2m15:15:54[22m   [34m├─[39m [2m/blogs_vehicles_brand/blog-lexus-rc/index.html[22m [2m(+18ms)[22m 
[2m15:15:54[22m   [34m├─[39m [2m/blogs_vehicles_brand/blog-lexus-rx/index.html[22m [2m(+35ms)[22m 
[2m15:15:54[22m   [34m├─[39m [2m/blogs_vehicles_brand/blog-lexus-sc/index.html[22m [2m(+9ms)[22m 
[2m15:15:54[22m   [34m├─[39m [2m/blogs_vehicles_brand/blog-lexus-ux/index.html[22m [2m(+12ms)[22m 
[2m15:15:54[22m   [34m├─[39m [2m/blogs_vehicles_brand/blog-lexus/index.html[22m [2m(+6ms)[22m 
[2m15:15:54[22m   [34m├─[39m [2m/blogs_vehicles_brand/blog-lincoln-aviator/index.html[22m [2m(+4ms)[22m 
[2m15:15:54[22m   [34m├─[39m [2m/blogs_vehicles_brand/blog-lincoln-continental/index.html[22m [2m(+6ms)[22m 
[2m15:15:54[22m   [34m├─[39m [2m/blogs_vehicles_brand/blog-lincoln-corsair/index.html[22m [2m(+4ms)[22m 
[2m15:15:54[22m   [34m├─[39m [2m/blogs_vehicles_brand/blog-lincoln-mkc/index.html[22m [2m(+5ms)[22m 
[2m15:15:54[22m   [34m├─[39m [2m/blogs_vehicles_brand/blog-lincoln-mks/index.html[22m [2m(+5ms)[22m 
[2m15:15:54[22m   [34m├─[39m [2m/blogs_vehicles_brand/blog-lincoln-mkt/index.html[22m [2m(+4ms)[22m 
[2m15:15:54[22m   [34m├─[39m [2m/blogs_vehicles_brand/blog-lincoln-mkx/index.html[22m [2m(+4ms)[22m 
[2m15:15:54[22m   [34m├─[39m [2m/blogs_vehicles_brand/blog-lincoln-mkz/index.html[22m [2m(+15ms)[22m 
[2m15:15:54[22m   [34m├─[39m [2m/blogs_vehicles_brand/blog-lincoln-nautilus/index.html[22m [2m(+12ms)[22m 
[2m15:15:54[22m   [34m├─[39m [2m/blogs_vehicles_brand/blog-lincoln-navigator/index.html[22m [2m(+34ms)[22m 
[2m15:15:54[22m   [34m├─[39m [2m/blogs_vehicles_brand/blog-lincoln/index.html[22m [2m(+13ms)[22m 
[2m15:15:54[22m   [34m├─[39m [2m/blogs_vehicles_brand/blog-lotus-lynk-co/index.html[22m [2m(+5ms)[22m 
[2m15:15:54[22m   [34m├─[39m [2m/blogs_vehicles_brand/blog-lotus/index.html[22m [2m(+4ms)[22m 
[2m15:15:54[22m   [34m├─[39m [2m/blogs_vehicles_brand/blog-maserati-ghibli/index.html[22m [2m(+4ms)[22m 
[2m15:15:54[22m   [34m├─[39m [2m/blogs_vehicles_brand/blog-maserati-grancabrio/index.html[22m [2m(+4ms)[22m 
[2m15:15:54[22m   [34m├─[39m [2m/blogs_vehicles_brand/blog-maserati-granturismo/index.html[22m [2m(+4ms)[22m 
[2m15:15:54[22m   [34m├─[39m [2m/blogs_vehicles_brand/blog-maserati-levante/index.html[22m [2m(+3ms)[22m 
[2m15:15:54[22m   [34m├─[39m [2m/blogs_vehicles_brand/blog-maserati-quattroporte/index.html[22m [2m(+6ms)[22m 
[2m15:15:54[22m   [34m├─[39m [2m/blogs_vehicles_brand/blog-maserati/index.html[22m [2m(+6ms)[22m 
[2m15:15:54[22m   [34m├─[39m [2m/blogs_vehicles_brand/blog-mazda-cx-3/index.html[22m [2m(+18ms)[22m 
[2m15:15:54[22m   [34m├─[39m [2m/blogs_vehicles_brand/blog-mazda-cx-30/index.html[22m [2m(+10ms)[22m 
[2m15:15:54[22m   [34m├─[39m [2m/blogs_vehicles_brand/blog-mazda-cx-5/index.html[22m [2m(+27ms)[22m 
[2m15:15:54[22m   [34m├─[39m [2m/blogs_vehicles_brand/blog-mazda-cx-7/index.html[22m [2m(+19ms)[22m 
[2m15:15:54[22m   [34m├─[39m [2m/blogs_vehicles_brand/blog-mazda-cx-9/index.html[22m [2m(+4ms)[22m 
[2m15:15:54[22m   [34m├─[39m [2m/blogs_vehicles_brand/blog-mazda-mazda2/index.html[22m [2m(+4ms)[22m 
[2m15:15:54[22m   [34m├─[39m [2m/blogs_vehicles_brand/blog-mazda-mazda3/index.html[22m [2m(+5ms)[22m 
[2m15:15:54[22m   [34m├─[39m [2m/blogs_vehicles_brand/blog-mazda-mazda5/index.html[22m [2m(+4ms)[22m 
[2m15:15:54[22m   [34m├─[39m [2m/blogs_vehicles_brand/blog-mazda-mazda6/index.html[22m [2m(+6ms)[22m 
[2m15:15:54[22m   [34m├─[39m [2m/blogs_vehicles_brand/blog-mazda-mazdaspeed3/index.html[22m [2m(+4ms)[22m 
[2m15:15:54[22m   [34m├─[39m [2m/blogs_vehicles_brand/blog-mazda-mazdaspeed6/index.html[22m [2m(+4ms)[22m 
[2m15:15:54[22m   [34m├─[39m [2m/blogs_vehicles_brand/blog-mazda-miata/index.html[22m [2m(+8ms)[22m 
[2m15:15:54[22m   [34m├─[39m [2m/blogs_vehicles_brand/blog-mazda-mx-5/index.html[22m [2m(+15ms)[22m 
[2m15:15:54[22m   [34m├─[39m [2m/blogs_vehicles_brand/blog-mazda-protege5/index.html[22m [2m(+6ms)[22m 
[2m15:15:54[22m   [34m├─[39m [2m/blogs_vehicles_brand/blog-mazda-rx-8/index.html[22m [2m(+10ms)[22m 
[2m15:15:54[22m   [34m├─[39m [2m/blogs_vehicles_brand/blog-mazda/index.html[22m [2m(+36ms)[22m 
[2m15:15:55[22m   [34m├─[39m [2m/blogs_vehicles_brand/blog-mclaren-570/index.html[22m [2m(+8ms)[22m 
[2m15:15:55[22m   [34m├─[39m [2m/blogs_vehicles_brand/blog-mclaren-600lt/index.html[22m [2m(+4ms)[22m 
[2m15:15:55[22m   [34m├─[39m [2m/blogs_vehicles_brand/blog-mclaren-650s/index.html[22m [2m(+4ms)[22m 
[2m15:15:55[22m   [34m├─[39m [2m/blogs_vehicles_brand/blog-mclaren-675lt/index.html[22m [2m(+4ms)[22m 
[2m15:15:55[22m   [34m├─[39m [2m/blogs_vehicles_brand/blog-mclaren-720/index.html[22m [2m(+4ms)[22m 
[2m15:15:55[22m   [34m├─[39m [2m/blogs_vehicles_brand/blog-mclaren-mp4-12c/index.html[22m [2m(+4ms)[22m 
[2m15:15:55[22m   [34m├─[39m [2m/blogs_vehicles_brand/blog-mclaren-p1/index.html[22m [2m(+4ms)[22m 
[2m15:15:55[22m   [34m├─[39m [2m/blogs_vehicles_brand/blog-mclaren-senna/index.html[22m [2m(+4ms)[22m 
[2m15:15:55[22m   [34m├─[39m [2m/blogs_vehicles_brand/blog-mclaren-speedtail/index.html[22m [2m(+6ms)[22m 
[2m15:15:55[22m   [34m├─[39m [2m/blogs_vehicles_brand/blog-mclaren/index.html[22m [2m(+16ms)[22m 
[2m15:15:55[22m   [34m├─[39m [2m/blogs_vehicles_brand/blog-mercedes-benz-a-class/index.html[22m [2m(+4ms)[22m 
[2m15:15:55[22m   [34m├─[39m [2m/blogs_vehicles_brand/blog-mercedes-benz-amg/index.html[22m [2m(+39ms)[22m 
[2m15:15:55[22m   [34m├─[39m [2m/blogs_vehicles_brand/blog-mercedes-benz-b-class/index.html[22m [2m(+22ms)[22m 
[2m15:15:55[22m   [34m├─[39m [2m/blogs_vehicles_brand/blog-mercedes-benz-c-class/index.html[22m [2m(+9ms)[22m 
[2m15:15:55[22m   [34m├─[39m [2m/blogs_vehicles_brand/blog-mercedes-benz-cla-class/index.html[22m [2m(+4ms)[22m 
[2m15:15:55[22m   [34m├─[39m [2m/blogs_vehicles_brand/blog-mercedes-benz-cls-class/index.html[22m [2m(+3ms)[22m 
[2m15:15:55[22m   [34m├─[39m [2m/blogs_vehicles_brand/blog-mercedes-benz-e-class/index.html[22m [2m(+5ms)[22m 
[2m15:15:55[22m   [34m├─[39m [2m/blogs_vehicles_brand/blog-mercedes-benz-eq-class/index.html[22m [2m(+3ms)[22m 
[2m15:15:55[22m   [34m├─[39m [2m/blogs_vehicles_brand/blog-mercedes-benz-g-class/index.html[22m [2m(+3ms)[22m 
[2m15:15:55[22m   [34m├─[39m [2m/blogs_vehicles_brand/blog-mercedes-benz-gl-class/index.html[22m [2m(+3ms)[22m 
[2m15:15:55[22m   [34m├─[39m [2m/blogs_vehicles_brand/blog-mercedes-benz-gla-class/index.html[22m [2m(+4ms)[22m 
[2m15:15:55[22m   [34m├─[39m [2m/blogs_vehicles_brand/blog-mercedes-benz-glb-class/index.html[22m [2m(+4ms)[22m 
[2m15:15:55[22m   [34m├─[39m [2m/blogs_vehicles_brand/blog-mercedes-benz-glc-class/index.html[22m [2m(+7ms)[22m 
[2m15:15:55[22m   [34m├─[39m [2m/blogs_vehicles_brand/blog-mercedes-benz-gle-class/index.html[22m [2m(+6ms)[22m 
[2m15:15:55[22m   [34m├─[39m [2m/blogs_vehicles_brand/blog-mercedes-benz-glk-class/index.html[22m [2m(+54ms)[22m 
[2m15:15:55[22m   [34m├─[39m [2m/blogs_vehicles_brand/blog-mercedes-benz-gls-class/index.html[22m [2m(+5ms)[22m 
[2m15:15:55[22m   [34m├─[39m [2m/blogs_vehicles_brand/blog-mercedes-benz-m-class/index.html[22m [2m(+13ms)[22m 
[2m15:15:55[22m   [34m├─[39m [2m/blogs_vehicles_brand/blog-mercedes-benz-metris/index.html[22m [2m(+4ms)[22m 
[2m15:15:55[22m   [34m├─[39m [2m/blogs_vehicles_brand/blog-mercedes-benz-ml-class/index.html[22m [2m(+4ms)[22m 
[2m15:15:55[22m   [34m├─[39m [2m/blogs_vehicles_brand/blog-mercedes-benz-r-class/index.html[22m [2m(+4ms)[22m 
[2m15:15:55[22m   [34m├─[39m [2m/blogs_vehicles_brand/blog-mercedes-benz-s-class/index.html[22m [2m(+4ms)[22m 
[2m15:15:55[22m   [34m├─[39m [2m/blogs_vehicles_brand/blog-mercedes-benz-sl-class/index.html[22m [2m(+3ms)[22m 
[2m15:15:55[22m   [34m├─[39m [2m/blogs_vehicles_brand/blog-mercedes-benz-slk-class/index.html[22m [2m(+6ms)[22m 
[2m15:15:55[22m   [34m├─[39m [2m/blogs_vehicles_brand/blog-mercedes-benz-sprinter/index.html[22m [2m(+4ms)[22m 
[2m15:15:55[22m   [34m├─[39m [2m/blogs_vehicles_brand/blog-mercedes-benz-vito/index.html[22m [2m(+5ms)[22m 
[2m15:15:55[22m   [34m├─[39m [2m/blogs_vehicles_brand/blog-mercedes-benz-x-class/index.html[22m [2m(+4ms)[22m 
[2m15:15:55[22m   [34m├─[39m [2m/blogs_vehicles_brand/blog-mercedes-benz/index.html[22m [2m(+4ms)[22m 
[2m15:15:55[22m   [34m├─[39m [2m/blogs_vehicles_brand/blog-mg-gs/index.html[22m [2m(+5ms)[22m 
[2m15:15:55[22m   [34m├─[39m [2m/blogs_vehicles_brand/blog-mg/index.html[22m [2m(+62ms)[22m 
[2m15:15:55[22m   [34m├─[39m [2m/blogs_vehicles_brand/blog-mini-clubman/index.html[22m [2m(+4ms)[22m 
[2m15:15:55[22m   [34m├─[39m [2m/blogs_vehicles_brand/blog-mini-clubvan/index.html[22m [2m(+12ms)[22m 
[2m15:15:55[22m   [34m├─[39m [2m/blogs_vehicles_brand/blog-mini-cooper/index.html[22m [2m(+6ms)[22m 
[2m15:15:55[22m   [34m├─[39m [2m/blogs_vehicles_brand/blog-mini-countryman/index.html[22m [2m(+5ms)[22m 
[2m15:15:55[22m   [34m├─[39m [2m/blogs_vehicles_brand/blog-mini-john-cooper-works/index.html[22m [2m(+4ms)[22m 
[2m15:15:55[22m   [34m├─[39m [2m/blogs_vehicles_brand/blog-mini-paceman/index.html[22m [2m(+4ms)[22m 
[2m15:15:55[22m   [34m├─[39m [2m/blogs_vehicles_brand/blog-mini-roadster/index.html[22m [2m(+4ms)[22m 
[2m15:15:55[22m   [34m├─[39m [2m/blogs_vehicles_brand/blog-mini/index.html[22m [2m(+3ms)[22m 
[2m15:15:55[22m   [34m├─[39m [2m/blogs_vehicles_brand/blog-mitsubishi-eclipse-cross/index.html[22m [2m(+3ms)[22m 
[2m15:15:55[22m   [34m├─[39m [2m/blogs_vehicles_brand/blog-mitsubishi-eclipse-spyder/index.html[22m [2m(+6ms)[22m 
[2m15:15:55[22m   [34m├─[39m [2m/blogs_vehicles_brand/blog-mitsubishi-i-miev/index.html[22m [2m(+5ms)[22m 
[2m15:15:55[22m   [34m├─[39m [2m/blogs_vehicles_brand/blog-mitsubishi-lancer-evolution/index.html[22m [2m(+10ms)[22m 
[2m15:15:55[22m   [34m├─[39m [2m/blogs_vehicles_brand/blog-mitsubishi-lancer-ralliart/index.html[22m [2m(+7ms)[22m 
[2m15:15:55[22m   [34m├─[39m [2m/blogs_vehicles_brand/blog-mitsubishi-lancer/index.html[22m [2m(+52ms)[22m 
[2m15:15:55[22m   [34m├─[39m [2m/blogs_vehicles_brand/blog-mitsubishi-mirage/index.html[22m [2m(+4ms)[22m 
[2m15:15:55[22m   [34m├─[39m [2m/blogs_vehicles_brand/blog-mitsubishi-outlander/index.html[22m [2m(+7ms)[22m 
[2m15:15:55[22m   [34m├─[39m [2m/blogs_vehicles_brand/blog-mitsubishi-rvr/index.html[22m [2m(+5ms)[22m 
[2m15:15:55[22m   [34m├─[39m [2m/blogs_vehicles_brand/blog-mitsubishi/index.html[22m [2m(+5ms)[22m 
[2m15:15:55[22m   [34m├─[39m [2m/blogs_vehicles_brand/blog-nissan-350z/index.html[22m [2m(+3ms)[22m 
[2m15:15:55[22m   [34m├─[39m [2m/blogs_vehicles_brand/blog-nissan-370z/index.html[22m [2m(+3ms)[22m 
[2m15:15:55[22m   [34m├─[39m [2m/blogs_vehicles_brand/blog-nissan-altima-coupe/index.html[22m [2m(+3ms)[22m 
[2m15:15:55[22m   [34m├─[39m [2m/blogs_vehicles_brand/blog-nissan-altima/index.html[22m [2m(+10ms)[22m 
[2m15:15:55[22m   [34m├─[39m [2m/blogs_vehicles_brand/blog-nissan-armada/index.html[22m [2m(+5ms)[22m 
[2m15:15:55[22m   [34m├─[39m [2m/blogs_vehicles_brand/blog-nissan-frontier/index.html[22m [2m(+4ms)[22m 
[2m15:15:55[22m   [34m├─[39m [2m/blogs_vehicles_brand/blog-nissan-gt-r/index.html[22m [2m(+4ms)[22m 
[2m15:15:55[22m   [34m├─[39m [2m/blogs_vehicles_brand/blog-nissan-juke/index.html[22m [2m(+5ms)[22m 
[2m15:15:55[22m   [34m├─[39m [2m/blogs_vehicles_brand/blog-nissan-kicks/index.html[22m [2m(+4ms)[22m 
[2m15:15:55[22m   [34m├─[39m [2m/blogs_vehicles_brand/blog-nissan-leaf/index.html[22m [2m(+64ms)[22m 
[2m15:15:55[22m   [34m├─[39m [2m/blogs_vehicles_brand/blog-nissan-maxima/index.html[22m [2m(+4ms)[22m 
[2m15:15:55[22m   [34m├─[39m [2m/blogs_vehicles_brand/blog-nissan-micra/index.html[22m [2m(+3ms)[22m 
[2m15:15:55[22m   [34m├─[39m [2m/blogs_vehicles_brand/blog-nissan-murano/index.html[22m [2m(+3ms)[22m 
[2m15:15:55[22m   [34m├─[39m [2m/blogs_vehicles_brand/blog-nissan-nv/index.html[22m [2m(+5ms)[22m 
[2m15:15:55[22m   [34m├─[39m [2m/blogs_vehicles_brand/blog-nissan-pathfinder/index.html[22m [2m(+3ms)[22m 
[2m15:15:55[22m   [34m├─[39m [2m/blogs_vehicles_brand/blog-nissan-qashqai/index.html[22m [2m(+5ms)[22m 
[2m15:15:55[22m   [34m├─[39m [2m/blogs_vehicles_brand/blog-nissan-rogue/index.html[22m [2m(+4ms)[22m 
[2m15:15:55[22m   [34m├─[39m [2m/blogs_vehicles_brand/blog-nissan-sentra/index.html[22m [2m(+3ms)[22m 
[2m15:15:55[22m   [34m├─[39m [2m/blogs_vehicles_brand/blog-nissan-titan/index.html[22m [2m(+5ms)[22m 
[2m15:15:55[22m   [34m├─[39m [2m/blogs_vehicles_brand/blog-nissan-versa-hb/index.html[22m [2m(+4ms)[22m 
[2m15:15:55[22m   [34m├─[39m [2m/blogs_vehicles_brand/blog-nissan-versa-sedan/index.html[22m [2m(+4ms)[22m 
[2m15:15:55[22m   [34m├─[39m [2m/blogs_vehicles_brand/blog-nissan-xterra/index.html[22m [2m(+6ms)[22m 
[2m15:15:55[22m   [34m├─[39m [2m/blogs_vehicles_brand/blog-nissan-z/index.html[22m [2m(+5ms)[22m 
[2m15:15:55[22m   [34m├─[39m [2m/blogs_vehicles_brand/blog-nissan/index.html[22m [2m(+66ms)[22m 
[2m15:15:55[22m   [34m├─[39m [2m/blogs_vehicles_brand/blog-panoz/index.html[22m [2m(+3ms)[22m 
[2m15:15:55[22m   [34m├─[39m [2m/blogs_vehicles_brand/blog-polestar/index.html[22m [2m(+3ms)[22m 
[2m15:15:55[22m   [34m├─[39m [2m/blogs_vehicles_brand/blog-pontiac-aztek/index.html[22m [2m(+5ms)[22m 
[2m15:15:55[22m   [34m├─[39m [2m/blogs_vehicles_brand/blog-pontiac-solstice/index.html[22m [2m(+4ms)[22m 
[2m15:15:55[22m   [34m├─[39m [2m/blogs_vehicles_brand/blog-pontiac/index.html[22m [2m(+4ms)[22m 
[2m15:15:55[22m   [34m├─[39m [2m/blogs_vehicles_brand/blog-porsche-718/index.html[22m [2m(+4ms)[22m 
[2m15:15:55[22m   [34m├─[39m [2m/blogs_vehicles_brand/blog-porsche-911/index.html[22m [2m(+4ms)[22m 
[2m15:15:55[22m   [34m├─[39m [2m/blogs_vehicles_brand/blog-porsche-918/index.html[22m [2m(+5ms)[22m 
[2m15:15:55[22m   [34m├─[39m [2m/blogs_vehicles_brand/blog-porsche-boxster/index.html[22m [2m(+4ms)[22m 
[2m15:15:55[22m   [34m├─[39m [2m/blogs_vehicles_brand/blog-porsche-cayenne/index.html[22m [2m(+4ms)[22m 
[2m15:15:55[22m   [34m├─[39m [2m/blogs_vehicles_brand/blog-porsche-cayman/index.html[22m [2m(+4ms)[22m 
[2m15:15:55[22m   [34m├─[39m [2m/blogs_vehicles_brand/blog-porsche-macan/index.html[22m [2m(+4ms)[22m 
[2m15:15:55[22m   [34m├─[39m [2m/blogs_vehicles_brand/blog-porsche-panamera/index.html[22m [2m(+67ms)[22m 
[2m15:15:55[22m   [34m├─[39m [2m/blogs_vehicles_brand/blog-porsche-taycan/index.html[22m [2m(+4ms)[22m 
[2m15:15:55[22m   [34m├─[39m [2m/blogs_vehicles_brand/blog-porsche/index.html[22m [2m(+4ms)[22m 
[2m15:15:55[22m   [34m├─[39m [2m/blogs_vehicles_brand/blog-prsche-gt3/index.html[22m [2m(+5ms)[22m 
[2m15:15:55[22m   [34m├─[39m [2m/blogs_vehicles_brand/blog-qoros/index.html[22m [2m(+6ms)[22m 
[2m15:15:55[22m   [34m├─[39m [2m/blogs_vehicles_brand/blog-ram-promaster-city/index.html[22m [2m(+4ms)[22m 
[2m15:15:55[22m   [34m├─[39m [2m/blogs_vehicles_brand/blog-ram-promaster/index.html[22m [2m(+4ms)[22m 
[2m15:15:55[22m   [34m├─[39m [2m/blogs_vehicles_brand/blog-ram-ram-1500/index.html[22m [2m(+4ms)[22m 
[2m15:15:55[22m   [34m├─[39m [2m/blogs_vehicles_brand/blog-ram-ram-2500/index.html[22m [2m(+3ms)[22m 
[2m15:15:55[22m   [34m├─[39m [2m/blogs_vehicles_brand/blog-ram-ram-3500/index.html[22m [2m(+4ms)[22m 
[2m15:15:55[22m   [34m├─[39m [2m/blogs_vehicles_brand/blog-ram-ram-4500/index.html[22m [2m(+3ms)[22m 
[2m15:15:55[22m   [34m├─[39m [2m/blogs_vehicles_brand/blog-ram-ram-5500/index.html[22m [2m(+6ms)[22m 
[2m15:15:55[22m   [34m├─[39m [2m/blogs_vehicles_brand/blog-ram-ram-van/index.html[22m [2m(+6ms)[22m 
[2m15:15:55[22m   [34m├─[39m [2m/blogs_vehicles_brand/blog-ram/index.html[22m [2m(+4ms)[22m 
[2m15:15:55[22m   [34m├─[39m [2m/blogs_vehicles_brand/blog-rolls-royce-ghost/index.html[22m [2m(+4ms)[22m 
[2m15:15:55[22m   [34m├─[39m [2m/blogs_vehicles_brand/blog-rolls-royce-phantom/index.html[22m [2m(+61ms)[22m 
[2m15:15:55[22m   [34m├─[39m [2m/blogs_vehicles_brand/blog-rolls-royce-silver-wraith/index.html[22m [2m(+12ms)[22m 
[2m15:15:55[22m   [34m├─[39m [2m/blogs_vehicles_brand/blog-rolls-royce/index.html[22m [2m(+4ms)[22m 
[2m15:15:56[22m   [34m├─[39m [2m/blogs_vehicles_brand/blog-saab-9-3/index.html[22m [2m(+3ms)[22m 
[2m15:15:56[22m   [34m├─[39m [2m/blogs_vehicles_brand/blog-saab/index.html[22m [2m(+6ms)[22m 
[2m15:15:56[22m   [34m├─[39m [2m/blogs_vehicles_brand/blog-scion-fr-s/index.html[22m [2m(+4ms)[22m 
[2m15:15:56[22m   [34m├─[39m [2m/blogs_vehicles_brand/blog-scion-iq/index.html[22m [2m(+6ms)[22m 
[2m15:15:56[22m   [34m├─[39m [2m/blogs_vehicles_brand/blog-scion-tc/index.html[22m [2m(+4ms)[22m 
[2m15:15:56[22m   [34m├─[39m [2m/blogs_vehicles_brand/blog-scion-xb/index.html[22m [2m(+3ms)[22m 
[2m15:15:56[22m   [34m├─[39m [2m/blogs_vehicles_brand/blog-scion-xd/index.html[22m [2m(+4ms)[22m 
[2m15:15:56[22m   [34m├─[39m [2m/blogs_vehicles_brand/blog-scion/index.html[22m [2m(+4ms)[22m 
[2m15:15:56[22m   [34m├─[39m [2m/blogs_vehicles_brand/blog-shelby-cobra/index.html[22m [2m(+8ms)[22m 
[2m15:15:56[22m   [34m├─[39m [2m/blogs_vehicles_brand/blog-shelby/index.html[22m [2m(+56ms)[22m 
[2m15:15:56[22m   [34m├─[39m [2m/blogs_vehicles_brand/blog-smart-ebike/index.html[22m [2m(+4ms)[22m 
[2m15:15:56[22m   [34m├─[39m [2m/blogs_vehicles_brand/blog-smart-fortwo-cabriolet/index.html[22m [2m(+8ms)[22m 
[2m15:15:56[22m   [34m├─[39m [2m/blogs_vehicles_brand/blog-smart-fortwo-coupe/index.html[22m [2m(+6ms)[22m 
[2m15:15:56[22m   [34m├─[39m [2m/blogs_vehicles_brand/blog-smart/index.html[22m [2m(+7ms)[22m 
[2m15:15:56[22m   [34m├─[39m [2m/blogs_vehicles_brand/blog-srt-viper/index.html[22m [2m(+6ms)[22m 
[2m15:15:56[22m   [34m├─[39m [2m/blogs_vehicles_brand/blog-srt/index.html[22m [2m(+3ms)[22m 
[2m15:15:56[22m   [34m├─[39m [2m/blogs_vehicles_brand/blog-subaru-brz/index.html[22m [2m(+4ms)[22m 
[2m15:15:56[22m   [34m├─[39m [2m/blogs_vehicles_brand/blog-subaru-crosstrek/index.html[22m [2m(+5ms)[22m 
[2m15:15:56[22m   [34m├─[39m [2m/blogs_vehicles_brand/blog-subaru-forester/index.html[22m [2m(+4ms)[22m 
[2m15:15:56[22m   [34m├─[39m [2m/blogs_vehicles_brand/blog-subaru-impreza/index.html[22m [2m(+4ms)[22m 
[2m15:15:56[22m   [34m├─[39m [2m/blogs_vehicles_brand/blog-subaru-legacy/index.html[22m [2m(+4ms)[22m 
[2m15:15:56[22m   [34m├─[39m [2m/blogs_vehicles_brand/blog-subaru-outback/index.html[22m [2m(+4ms)[22m 
[2m15:15:56[22m   [34m├─[39m [2m/blogs_vehicles_brand/blog-subaru-wrx-sti/index.html[22m [2m(+6ms)[22m 
[2m15:15:56[22m   [34m├─[39m [2m/blogs_vehicles_brand/blog-subaru-wrx/index.html[22m [2m(+64ms)[22m 
[2m15:15:56[22m   [34m├─[39m [2m/blogs_vehicles_brand/blog-subaru/index.html[22m [2m(+7ms)[22m 
[2m15:15:56[22m   [34m├─[39m [2m/blogs_vehicles_brand/blog-suzuki-kizashi/index.html[22m [2m(+5ms)[22m 
[2m15:15:56[22m   [34m├─[39m [2m/blogs_vehicles_brand/blog-suzuki-x-90/index.html[22m [2m(+4ms)[22m 
[2m15:15:56[22m   [34m├─[39m [2m/blogs_vehicles_brand/blog-suzuki/index.html[22m [2m(+3ms)[22m 
[2m15:15:56[22m   [34m├─[39m [2m/blogs_vehicles_brand/blog-tesla-model3/index.html[22m [2m(+3ms)[22m 
[2m15:15:56[22m   [34m├─[39m [2m/blogs_vehicles_brand/blog-tesla-models/index.html[22m [2m(+4ms)[22m 
[2m15:15:56[22m   [34m├─[39m [2m/blogs_vehicles_brand/blog-tesla-modelx/index.html[22m [2m(+4ms)[22m 
[2m15:15:56[22m   [34m├─[39m [2m/blogs_vehicles_brand/blog-tesla-modely/index.html[22m [2m(+3ms)[22m 
[2m15:15:56[22m   [34m├─[39m [2m/blogs_vehicles_brand/blog-tesla/index.html[22m [2m(+4ms)[22m 
[2m15:15:56[22m   [34m├─[39m [2m/blogs_vehicles_brand/blog-toyota-4runner/index.html[22m [2m(+5ms)[22m 
[2m15:15:56[22m   [34m├─[39m [2m/blogs_vehicles_brand/blog-toyota-86/index.html[22m [2m(+4ms)[22m 
[2m15:15:56[22m   [34m├─[39m [2m/blogs_vehicles_brand/blog-toyota-avalon/index.html[22m [2m(+33ms)[22m 
[2m15:15:56[22m   [34m├─[39m [2m/blogs_vehicles_brand/blog-toyota-c-hr/index.html[22m [2m(+22ms)[22m 
[2m15:15:56[22m   [34m├─[39m [2m/blogs_vehicles_brand/blog-toyota-camry/index.html[22m [2m(+19ms)[22m 
[2m15:15:56[22m   [34m├─[39m [2m/blogs_vehicles_brand/blog-toyota-celica/index.html[22m [2m(+6ms)[22m 
[2m15:15:56[22m   [34m├─[39m [2m/blogs_vehicles_brand/blog-toyota-corolla/index.html[22m [2m(+4ms)[22m 
[2m15:15:56[22m   [34m├─[39m [2m/blogs_vehicles_brand/blog-toyota-highlander/index.html[22m [2m(+4ms)[22m 
[2m15:15:56[22m   [34m├─[39m [2m/blogs_vehicles_brand/blog-toyota-land-cruiser/index.html[22m [2m(+5ms)[22m 
[2m15:15:56[22m   [34m├─[39m [2m/blogs_vehicles_brand/blog-toyota-matrix/index.html[22m [2m(+4ms)[22m 
[2m15:15:56[22m   [34m├─[39m [2m/blogs_vehicles_brand/blog-toyota-mirai/index.html[22m [2m(+3ms)[22m 
[2m15:15:56[22m   [34m├─[39m [2m/blogs_vehicles_brand/blog-toyota-prius/index.html[22m [2m(+3ms)[22m 
[2m15:15:56[22m   [34m├─[39m [2m/blogs_vehicles_brand/blog-toyota-rav4/index.html[22m [2m(+4ms)[22m 
[2m15:15:56[22m   [34m├─[39m [2m/blogs_vehicles_brand/blog-toyota-sequoia/index.html[22m [2m(+4ms)[22m 
[2m15:15:56[22m   [34m├─[39m [2m/blogs_vehicles_brand/blog-toyota-sienna/index.html[22m [2m(+4ms)[22m 
[2m15:15:56[22m   [34m├─[39m [2m/blogs_vehicles_brand/blog-toyota-solara/index.html[22m [2m(+4ms)[22m 
[2m15:15:56[22m   [34m├─[39m [2m/blogs_vehicles_brand/blog-toyota-supra/index.html[22m [2m(+63ms)[22m 
[2m15:15:56[22m   [34m├─[39m [2m/blogs_vehicles_brand/blog-toyota-tacoma/index.html[22m [2m(+5ms)[22m 
[2m15:15:56[22m   [34m├─[39m [2m/blogs_vehicles_brand/blog-toyota-tundra/index.html[22m [2m(+4ms)[22m 
[2m15:15:56[22m   [34m├─[39m [2m/blogs_vehicles_brand/blog-toyota-venza/index.html[22m [2m(+4ms)[22m 
[2m15:15:56[22m   [34m├─[39m [2m/blogs_vehicles_brand/blog-toyota-yaris/index.html[22m [2m(+4ms)[22m 
[2m15:15:56[22m   [34m├─[39m [2m/blogs_vehicles_brand/blog-toyota/index.html[22m [2m(+4ms)[22m 
[2m15:15:56[22m   [34m├─[39m [2m/blogs_vehicles_brand/blog-volkswagen-atlas/index.html[22m [2m(+5ms)[22m 
[2m15:15:56[22m   [34m├─[39m [2m/blogs_vehicles_brand/blog-volkswagen-beetle/index.html[22m [2m(+4ms)[22m 
[2m15:15:56[22m   [34m├─[39m [2m/blogs_vehicles_brand/blog-volkswagen-cc/index.html[22m [2m(+8ms)[22m 
[2m15:15:56[22m   [34m├─[39m [2m/blogs_vehicles_brand/blog-volkswagen-eos/index.html[22m [2m(+4ms)[22m 
[2m15:15:56[22m   [34m├─[39m [2m/blogs_vehicles_brand/blog-volkswagen-golf/index.html[22m [2m(+4ms)[22m 
[2m15:15:56[22m   [34m├─[39m [2m/blogs_vehicles_brand/blog-volkswagen-gti/index.html[22m [2m(+4ms)[22m 
[2m15:15:56[22m   [34m├─[39m [2m/blogs_vehicles_brand/blog-volkswagen-id-3/index.html[22m [2m(+8ms)[22m 
[2m15:15:56[22m   [34m├─[39m [2m/blogs_vehicles_brand/blog-volkswagen-id-4/index.html[22m [2m(+64ms)[22m 
[2m15:15:56[22m   [34m├─[39m [2m/blogs_vehicles_brand/blog-volkswagen-jetta/index.html[22m [2m(+4ms)[22m 
[2m15:15:56[22m   [34m├─[39m [2m/blogs_vehicles_brand/blog-volkswagen-new-beetle/index.html[22m [2m(+5ms)[22m 
[2m15:15:56[22m   [34m├─[39m [2m/blogs_vehicles_brand/blog-volkswagen-passat/index.html[22m [2m(+6ms)[22m 
[2m15:15:56[22m   [34m├─[39m [2m/blogs_vehicles_brand/blog-volkswagen-t-roc/index.html[22m [2m(+4ms)[22m 
[2m15:15:56[22m   [34m├─[39m [2m/blogs_vehicles_brand/blog-volkswagen-tiguan/index.html[22m [2m(+3ms)[22m 
[2m15:15:56[22m   [34m├─[39m [2m/blogs_vehicles_brand/blog-volkswagen-touareg/index.html[22m [2m(+4ms)[22m 
[2m15:15:56[22m   [34m├─[39m [2m/blogs_vehicles_brand/blog-volkswagen-transporter/index.html[22m [2m(+3ms)[22m 
[2m15:15:56[22m   [34m├─[39m [2m/blogs_vehicles_brand/blog-volkswagen-up/index.html[22m [2m(+3ms)[22m 
[2m15:15:56[22m   [34m├─[39m [2m/blogs_vehicles_brand/blog-volkswagen/index.html[22m [2m(+3ms)[22m 
[2m15:15:56[22m   [34m├─[39m [2m/blogs_vehicles_brand/blog-volvo-c-70/index.html[22m [2m(+4ms)[22m 
[2m15:15:56[22m   [34m├─[39m [2m/blogs_vehicles_brand/blog-volvo-s60/index.html[22m [2m(+6ms)[22m 
[2m15:15:56[22m   [34m├─[39m [2m/blogs_vehicles_brand/blog-volvo-s90/index.html[22m [2m(+4ms)[22m 
[2m15:15:56[22m   [34m├─[39m [2m/blogs_vehicles_brand/blog-volvo-v40/index.html[22m [2m(+73ms)[22m 
[2m15:15:56[22m   [34m├─[39m [2m/blogs_vehicles_brand/blog-volvo-v60/index.html[22m [2m(+4ms)[22m 
[2m15:15:56[22m   [34m├─[39m [2m/blogs_vehicles_brand/blog-volvo-v90/index.html[22m [2m(+4ms)[22m 
[2m15:15:56[22m   [34m├─[39m [2m/blogs_vehicles_brand/blog-volvo-xc40/index.html[22m [2m(+4ms)[22m 
[2m15:15:56[22m   [34m├─[39m [2m/blogs_vehicles_brand/blog-volvo-xc60/index.html[22m [2m(+4ms)[22m 
[2m15:15:56[22m   [34m├─[39m [2m/blogs_vehicles_brand/blog-volvo-xc90/index.html[22m [2m(+3ms)[22m 
[2m15:15:56[22m   [34m├─[39m [2m/blogs_vehicles_brand/blog-volvo/index.html[22m [2m(+5ms)[22m 
[2m15:15:56[22m   [34m├─[39m [2m/blogs_vehicles_brand/falcon/index.html[22m [2m(+4ms)[22m 
[2m15:15:56[22m   [34m├─[39m [2m/blogs_vehicles_brand/fx50/index.html[22m [2m(+4ms)[22m 
[2m15:15:56[22m   [34m├─[39m [2m/blogs_vehicles_brand/hino/index.html[22m [2m(+4ms)[22m 
[2m15:15:56[22m   [34m├─[39m [2m/blogs_vehicles_brand/integra/index.html[22m [2m(+3ms)[22m 
[2m15:15:56[22m   [34m├─[39m [2m/blogs_vehicles_brand/mercedes/index.html[22m [2m(+4ms)[22m 
[2m15:15:56[22m   [34m├─[39m [2m/blogs_vehicles_brand/morgan/index.html[22m [2m(+7ms)[22m 
[2m15:15:56[22m   [34m├─[39m [2m/blogs_vehicles_brand/no-descriptionblog-chevrolet-malibu/index.html[22m [2m(+10ms)[22m 
[2m15:15:56[22m   [34m├─[39m [2m/blogs_vehicles_brand/promaster/index.html[22m [2m(+58ms)[22m 
[2m15:15:56[22m   [34m├─[39m [2m/boat-wrap-toronto/index.html[22m [2m(+6ms)[22m 
[2m15:15:56[22m   [34m├─[39m [2m/box-truck-wrap/index.html[22m [2m(+5ms)[22m 
[2m15:15:56[22m   [34m├─[39m [2m/car-lettering-and-decals-gta/index.html[22m [2m(+6ms)[22m 
[2m15:15:56[22m   [34m├─[39m [2m/car-wrap-about-vinyl-wrap-toronto/index.html[22m [2m(+5ms)[22m 
[2m15:15:56[22m   [34m├─[39m [2m/car-wrap-colours-avery-dennison-3m/index.html[22m [2m(+4ms)[22m 
[2m15:15:56[22m   [34m├─[39m [2m/car-wrap-faqs/index.html[22m [2m(+4ms)[22m 
[2m15:15:56[22m   [34m├─[39m [2m/car-wraps/index.html[22m [2m(+7ms)[22m 
[2m15:15:56[22m   [34m├─[39m [2m/carbon-fibre-wraps-vinyl-wrap-toronto/index.html[22m [2m(+4ms)[22m 
[2m15:15:56[22m   [34m├─[39m [2m/cars_make/baja-boat/index.html[22m [2m(+3ms)[22m 
[2m15:15:56[22m   [34m├─[39m [2m/cars_make/chevrolet/index.html[22m [2m(+8ms)[22m 
[2m15:15:56[22m   [34m├─[39m [2m/cars_make/chrysler/index.html[22m [2m(+3ms)[22m 
[2m15:15:56[22m   [34m├─[39m [2m/cars_make/dodge/index.html[22m [2m(+7ms)[22m 
[2m15:15:56[22m   [34m├─[39m [2m/cars_make/ducati/index.html[22m [2m(+49ms)[22m 
[2m15:15:56[22m   [34m├─[39m [2m/cars_make/ford/index.html[22m [2m(+9ms)[22m 
[2m15:15:56[22m   [34m├─[39m [2m/cars_make/gmc/index.html[22m [2m(+7ms)[22m 
[2m15:15:56[22m   [34m├─[39m [2m/cars_make/honda/index.html[22m [2m(+5ms)[22m 
[2m15:15:56[22m   [34m├─[39m [2m/cars_make/jeep/index.html[22m [2m(+3ms)[22m 
[2m15:15:56[22m   [34m├─[39m [2m/cars_make/kawasaki/index.html[22m [2m(+3ms)[22m 
[2m15:15:56[22m   [34m├─[39m [2m/cars_make/mitsubishi/index.html[22m [2m(+3ms)[22m 
[2m15:15:56[22m   [34m├─[39m [2m/cars_make/nissan/index.html[22m [2m(+6ms)[22m 
[2m15:15:56[22m   [34m├─[39m [2m/cars_make/porsche/index.html[22m [2m(+5ms)[22m 
[2m15:15:56[22m   [34m├─[39m [2m/cars_make/stratos/index.html[22m [2m(+3ms)[22m 
[2m15:15:56[22m   [34m├─[39m [2m/catalogues-color-selection-vwt/index.html[22m [2m(+6ms)[22m 
[2m15:15:56[22m   [34m├─[39m [2m/chrysler-vehicle-wrap-in-toronto/index.html[22m [2m(+14ms)[22m 
[2m15:15:57[22m   [34m├─[39m [2m/commercial-vehicle-wraps/index.html[22m [2m(+44ms)[22m 
[2m15:15:57[22m   [34m├─[39m [2m/contact/index.html[22m [2m(+7ms)[22m 
[2m15:15:57[22m   [34m├─[39m [2m/custom-anime-car-wraps-gta/index.html[22m [2m(+7ms)[22m 
[2m15:15:57[22m   [34m├─[39m [2m/custom-food-truck-wraps-in-toronto/index.html[22m [2m(+4ms)[22m 
[2m15:15:57[22m   [34m├─[39m [2m/custom-window-graphics-gta/index.html[22m [2m(+4ms)[22m 
[2m15:15:57[22m   [34m├─[39m [2m/cybertruck-wraps/index.html[22m [2m(+6ms)[22m 
[2m15:15:57[22m   [34m├─[39m [2m/demo-page-home/index.html[22m [2m(+10ms)[22m 
[2m15:15:57[22m   [34m├─[39m [2m/demo-page/index.html[22m [2m(+8ms)[22m 
[2m15:15:57[22m   [34m├─[39m [2m/disclaimer/index.html[22m [2m(+3ms)[22m 
[2m15:15:57[22m   [34m├─[39m [2m/ford-mustang-wraps-pickup-truck-wraps/index.html[22m [2m(+6ms)[22m 
[2m15:15:57[22m   [34m├─[39m [2m/full-car-wrap-toronto/index.html[22m [2m(+7ms)[22m 
[2m15:15:57[22m   [34m├─[39m [2m/full-trailer-wrap/index.html[22m [2m(+7ms)[22m 
[2m15:15:57[22m   [34m├─[39m [2m/full-truck-wrap-gta-toronto/index.html[22m [2m(+10ms)[22m 
[2m15:15:57[22m   [34m├─[39m [2m/full-van-wrap-toronto/index.html[22m [2m(+52ms)[22m 
[2m15:15:57[22m   [34m├─[39m [2m/index.html[22m [2m(+9ms)[22m 
[2m15:15:57[22m   [34m├─[39m [2m/jeep-and-suv-partial-wraps-in-toronto/index.html[22m [2m(+4ms)[22m 
[2m15:15:57[22m   [34m├─[39m [2m/jeep-suv-full-wraps/index.html[22m [2m(+4ms)[22m 
[2m15:15:57[22m   [34m├─[39m [2m/jeep-suv-lettering-and-decals-in-toronto/index.html[22m [2m(+4ms)[22m 
[2m15:15:57[22m   [34m├─[39m [2m/jeep-suv-wraps/index.html[22m [2m(+7ms)[22m 
[2m15:15:57[22m   [34m├─[39m [2m/locations-served/index.html[22m [2m(+4ms)[22m 
[2m15:15:57[22m   [34m├─[39m [2m/lp-truck-wraps/index.html[22m [2m(+10ms)[22m 
[2m15:15:57[22m   [34m├─[39m [2m/lp/index.html[22m [2m(+8ms)[22m 
[2m15:15:57[22m   [34m├─[39m [2m/motorcycle-wrap-toronto/index.html[22m [2m(+5ms)[22m 
[2m15:15:57[22m   [34m├─[39m [2m/object-and-equipment-wrap-toronto/index.html[22m [2m(+4ms)[22m 
[2m15:15:57[22m   [34m├─[39m [2m/our-work/index.html[22m [2m(+44ms)[22m 
[2m15:15:57[22m   [34m├─[39m [2m/pages_type/area-page/index.html[22m [2m(+15ms)[22m 
[2m15:15:57[22m   [34m├─[39m [2m/pages_type/vehicle-wraps/index.html[22m [2m(+3ms)[22m 
[2m15:15:57[22m   [34m├─[39m [2m/partial-car-wrap-gta/index.html[22m [2m(+5ms)[22m 
[2m15:15:57[22m   [34m├─[39m [2m/partial-truck-wrap-toronto-2/index.html[22m [2m(+5ms)[22m 
[2m15:15:57[22m   [34m├─[39m [2m/partial-van-wrap-toronto/index.html[22m [2m(+6ms)[22m 
[2m15:15:57[22m   [34m├─[39m [2m/personal-branding/index.html[22m [2m(+4ms)[22m 
[2m15:15:57[22m   [34m├─[39m [2m/personal-vehicle-wraps/index.html[22m [2m(+7ms)[22m 
[2m15:15:57[22m   [34m├─[39m [2m/privacy-policy/index.html[22m [2m(+3ms)[22m 
[2m15:15:57[22m   [34m├─[39m [2m/racing-stripes/index.html[22m [2m(+6ms)[22m 
[2m15:15:57[22m   [34m├─[39m [2m/recreational-wrap-toronto-2/index.html[22m [2m(+5ms)[22m 
[2m15:15:57[22m   [34m├─[39m [2m/service_type/boat-wraps/index.html[22m [2m(+5ms)[22m 
[2m15:15:57[22m   [34m├─[39m [2m/service_type/car-wraps/index.html[22m [2m(+50ms)[22m 
[2m15:15:57[22m   [34m├─[39m [2m/service_type/motorcycle-wraps/index.html[22m [2m(+3ms)[22m 
[2m15:15:57[22m   [34m├─[39m [2m/service_type/truck-wraps/index.html[22m [2m(+6ms)[22m 
[2m15:15:57[22m   [34m├─[39m [2m/service_type/van-wraps/index.html[22m [2m(+8ms)[22m 
[2m15:15:57[22m   [34m├─[39m [2m/signage/index.html[22m [2m(+9ms)[22m 
[2m15:15:57[22m   [34m├─[39m [2m/sitemap/index.html[22m [2m(+4ms)[22m 
[2m15:15:57[22m   [34m├─[39m [2m/storefront-signs-toronto/index.html[22m [2m(+4ms)[22m 
[2m15:15:57[22m   [34m├─[39m [2m/tag/1080series/index.html[22m [2m(+6ms)[22m 
[2m15:15:57[22m   [34m├─[39m [2m/tag/1962/index.html[22m [2m(+4ms)[22m 
[2m15:15:57[22m   [34m├─[39m [2m/tag/2020/index.html[22m [2m(+6ms)[22m 
[2m15:15:57[22m   [34m├─[39m [2m/tag/225hp/index.html[22m [2m(+4ms)[22m 
[2m15:15:57[22m   [34m├─[39m [2m/tag/3m-black-series/index.html[22m [2m(+4ms)[22m 
[2m15:15:57[22m   [34m├─[39m [2m/tag/3m-certification/index.html[22m [2m(+48ms)[22m 
[2m15:15:57[22m   [34m├─[39m [2m/tag/3m-gloss-black/index.html[22m [2m(+4ms)[22m 
[2m15:15:57[22m   [34m├─[39m [2m/tag/3m-object-wrap/index.html[22m [2m(+4ms)[22m 
[2m15:15:57[22m   [34m├─[39m [2m/tag/3m-vinyl/index.html[22m [2m(+4ms)[22m 
[2m15:15:57[22m   [34m├─[39m [2m/tag/3m/index.html[22m [2m(+8ms)[22m 
[2m15:15:57[22m   [34m├─[39m [2m/tag/680-news/index.html[22m [2m(+8ms)[22m 
[2m15:15:57[22m   [34m├─[39m [2m/tag/acura/index.html[22m [2m(+5ms)[22m 
[2m15:15:57[22m   [34m├─[39m [2m/tag/advert/index.html[22m [2m(+5ms)[22m 
[2m15:15:57[22m   [34m├─[39m [2m/tag/advertise/index.html[22m [2m(+7ms)[22m 
[2m15:15:57[22m   [34m├─[39m [2m/tag/advertising-strategy/index.html[22m [2m(+4ms)[22m 
[2m15:15:57[22m   [34m├─[39m [2m/tag/advertising/index.html[22m [2m(+5ms)[22m 
[2m15:15:57[22m   [34m├─[39m [2m/tag/advertsing/index.html[22m [2m(+28ms)[22m 
[2m15:15:57[22m   [34m├─[39m [2m/tag/aeropark/index.html[22m [2m(+25ms)[22m 
[2m15:15:57[22m   [34m├─[39m [2m/tag/ai-design-to-print/index.html[22m [2m(+4ms)[22m 
[2m15:15:57[22m   [34m├─[39m [2m/tag/ai-design-vinyl-wrap/index.html[22m [2m(+3ms)[22m 
[2m15:15:57[22m   [34m├─[39m [2m/tag/ai-design/index.html[22m [2m(+6ms)[22m 
[2m15:15:57[22m   [34m├─[39m [2m/tag/ai-generated-vehicle-wrap/index.html[22m [2m(+5ms)[22m 
[2m15:15:57[22m   [34m├─[39m [2m/tag/am/index.html[22m [2m(+10ms)[22m 
[2m15:15:57[22m   [34m├─[39m [2m/tag/ambulane-wrap/index.html[22m [2m(+4ms)[22m 
[2m15:15:57[22m   [34m├─[39m [2m/tag/amg/index.html[22m [2m(+5ms)[22m 
[2m15:15:57[22m   [34m├─[39m [2m/tag/anima-car-wrap/index.html[22m [2m(+11ms)[22m 
[2m15:15:57[22m   [34m├─[39m [2m/tag/anime-car-wrap/index.html[22m [2m(+4ms)[22m 
[2m15:15:57[22m   [34m├─[39m [2m/tag/anime-full-wrap/index.html[22m [2m(+4ms)[22m 
[2m15:15:57[22m   [34m├─[39m [2m/tag/anime-vinyl-wrap/index.html[22m [2m(+27ms)[22m 
[2m15:15:57[22m   [34m├─[39m [2m/tag/anime-wrap/index.html[22m [2m(+21ms)[22m 
[2m15:15:57[22m   [34m├─[39m [2m/tag/artial-vehicle-wrap/index.html[22m [2m(+8ms)[22m 
[2m15:15:57[22m   [34m├─[39m [2m/tag/audi-a5-decals/index.html[22m [2m(+10ms)[22m 
[2m15:15:57[22m   [34m├─[39m [2m/tag/audi-q5-decals/index.html[22m [2m(+5ms)[22m 
[2m15:15:57[22m   [34m├─[39m [2m/tag/audi/index.html[22m [2m(+8ms)[22m 
[2m15:15:57[22m   [34m├─[39m [2m/tag/avery-certification/index.html[22m [2m(+5ms)[22m 
[2m15:15:57[22m   [34m├─[39m [2m/tag/avery-dennison/index.html[22m [2m(+4ms)[22m 
[2m15:15:57[22m   [34m├─[39m [2m/tag/avery/index.html[22m [2m(+5ms)[22m 
[2m15:15:57[22m   [34m├─[39m [2m/tag/bambam/index.html[22m [2m(+5ms)[22m 
[2m15:15:57[22m   [34m├─[39m [2m/tag/barber/index.html[22m [2m(+7ms)[22m 
[2m15:15:57[22m   [34m├─[39m [2m/tag/bass/index.html[22m [2m(+5ms)[22m 
[2m15:15:57[22m   [34m├─[39m [2m/tag/bassboat/index.html[22m [2m(+31ms)[22m 
[2m15:15:57[22m   [34m├─[39m [2m/tag/bbq/index.html[22m [2m(+18ms)[22m 
[2m15:15:57[22m   [34m├─[39m [2m/tag/benz/index.html[22m [2m(+8ms)[22m 
[2m15:15:57[22m   [34m├─[39m [2m/tag/bicycle-wrap/index.html[22m [2m(+6ms)[22m 
[2m15:15:57[22m   [34m├─[39m [2m/tag/big-rock-brewery/index.html[22m [2m(+5ms)[22m 
[2m15:15:57[22m   [34m├─[39m [2m/tag/bike-wrap/index.html[22m [2m(+4ms)[22m 
[2m15:15:57[22m   [34m├─[39m [2m/tag/bike/index.html[22m [2m(+5ms)[22m 
[2m15:15:57[22m   [34m├─[39m [2m/tag/bikewrap/index.html[22m [2m(+8ms)[22m 
[2m15:15:57[22m   [34m├─[39m [2m/tag/binyl-wrap/index.html[22m [2m(+5ms)[22m 
[2m15:15:57[22m   [34m├─[39m [2m/tag/black/index.html[22m [2m(+10ms)[22m 
[2m15:15:57[22m   [34m├─[39m [2m/tag/blackwrap/index.html[22m [2m(+4ms)[22m 
[2m15:15:57[22m   [34m├─[39m [2m/tag/bmw/index.html[22m [2m(+4ms)[22m 
[2m15:15:57[22m   [34m├─[39m [2m/tag/bmwbike/index.html[22m [2m(+28ms)[22m 
[2m15:15:57[22m   [34m├─[39m [2m/tag/board/index.html[22m [2m(+11ms)[22m 
[2m15:15:57[22m   [34m├─[39m [2m/tag/boat-wrap-ideas/index.html[22m [2m(+14ms)[22m 
[2m15:15:57[22m   [34m├─[39m [2m/tag/boat-wrap-toronto/index.html[22m [2m(+9ms)[22m 
[2m15:15:57[22m   [34m├─[39m [2m/tag/boat-wrap/index.html[22m [2m(+4ms)[22m 
[2m15:15:57[22m   [34m├─[39m [2m/tag/boat-wraps/index.html[22m [2m(+7ms)[22m 
[2m15:15:57[22m   [34m├─[39m [2m/tag/boat/index.html[22m [2m(+4ms)[22m 
[2m15:15:57[22m   [34m├─[39m [2m/tag/box-truck-wrap/index.html[22m [2m(+4ms)[22m 
[2m15:15:57[22m   [34m├─[39m [2m/tag/branding-ideas/index.html[22m [2m(+8ms)[22m 
[2m15:15:57[22m   [34m├─[39m [2m/tag/branding/index.html[22m [2m(+11ms)[22m 
[2m15:15:57[22m   [34m├─[39m [2m/tag/brick-wrap-toronto/index.html[22m [2m(+6ms)[22m 
[2m15:15:57[22m   [34m├─[39m [2m/tag/brick-wrap/index.html[22m [2m(+5ms)[22m 
[2m15:15:57[22m   [34m├─[39m [2m/tag/brushed-bronze/index.html[22m [2m(+35ms)[22m 
[2m15:15:58[22m   [34m├─[39m [2m/tag/brushedblack/index.html[22m [2m(+13ms)[22m 
[2m15:15:58[22m   [34m├─[39m [2m/tag/bugatti/index.html[22m [2m(+7ms)[22m 
[2m15:15:58[22m   [34m├─[39m [2m/tag/buggy/index.html[22m [2m(+4ms)[22m 
[2m15:15:58[22m   [34m├─[39m [2m/tag/building-wrap-toronto/index.html[22m [2m(+5ms)[22m 
[2m15:15:58[22m   [34m├─[39m [2m/tag/bumper-wrap/index.html[22m [2m(+4ms)[22m 
[2m15:15:58[22m   [34m├─[39m [2m/tag/bumpers/index.html[22m [2m(+4ms)[22m 
[2m15:15:58[22m   [34m├─[39m [2m/tag/bus-wrap/index.html[22m [2m(+4ms)[22m 
[2m15:15:58[22m   [34m├─[39m [2m/tag/business-marketing/index.html[22m [2m(+11ms)[22m 
[2m15:15:58[22m   [34m├─[39m [2m/tag/business-vehicle/index.html[22m [2m(+7ms)[22m 
[2m15:15:58[22m   [34m├─[39m [2m/tag/business/index.html[22m [2m(+8ms)[22m 
[2m15:15:58[22m   [34m├─[39m [2m/tag/c-class/index.html[22m [2m(+11ms)[22m 
[2m15:15:58[22m   [34m├─[39m [2m/tag/c63/index.html[22m [2m(+29ms)[22m 
[2m15:15:58[22m   [34m├─[39m [2m/tag/camping/index.html[22m [2m(+10ms)[22m 
[2m15:15:58[22m   [34m├─[39m [2m/tag/canadian-tree-salvation/index.html[22m [2m(+12ms)[22m 
[2m15:15:58[22m   [34m├─[39m [2m/tag/car-branding/index.html[22m [2m(+4ms)[22m 
[2m15:15:58[22m   [34m├─[39m [2m/tag/car-decals/index.html[22m [2m(+4ms)[22m 
[2m15:15:58[22m   [34m├─[39m [2m/tag/car-wash/index.html[22m [2m(+6ms)[22m 
[2m15:15:58[22m   [34m├─[39m [2m/tag/car-wrap-canada/index.html[22m [2m(+4ms)[22m 
[2m15:15:58[22m   [34m├─[39m [2m/tag/car-wrap-cost/index.html[22m [2m(+7ms)[22m 
[2m15:15:58[22m   [34m├─[39m [2m/tag/car-wrap-etobicoke/index.html[22m [2m(+6ms)[22m 
[2m15:15:58[22m   [34m├─[39m [2m/tag/car-wrap-ideas/index.html[22m [2m(+4ms)[22m 
[2m15:15:58[22m   [34m├─[39m [2m/tag/car-wrap-mississauga/index.html[22m [2m(+12ms)[22m 
[2m15:15:58[22m   [34m├─[39m [2m/tag/car-wrap-toronto/index.html[22m [2m(+5ms)[22m 
[2m15:15:58[22m   [34m├─[39m [2m/tag/car-wrap/index.html[22m [2m(+19ms)[22m 
[2m15:15:58[22m   [34m├─[39m [2m/tag/car-wraps/index.html[22m [2m(+22ms)[22m 
[2m15:15:58[22m   [34m├─[39m [2m/tag/caravan/index.html[22m [2m(+5ms)[22m 
[2m15:15:58[22m   [34m├─[39m [2m/tag/carbon-fiber/index.html[22m [2m(+4ms)[22m 
[2m15:15:58[22m   [34m├─[39m [2m/tag/carbonfiberblack/index.html[22m [2m(+7ms)[22m 
[2m15:15:58[22m   [34m├─[39m [2m/tag/cardecal/index.html[22m [2m(+12ms)[22m 
[2m15:15:58[22m   [34m├─[39m [2m/tag/cargo-van/index.html[22m [2m(+6ms)[22m 
[2m15:15:58[22m   [34m├─[39m [2m/tag/carmichael/index.html[22m [2m(+5ms)[22m 
[2m15:15:58[22m   [34m├─[39m [2m/tag/carvertise/index.html[22m [2m(+12ms)[22m 
[2m15:15:58[22m   [34m├─[39m [2m/tag/carwrap/index.html[22m [2m(+16ms)[22m 
[2m15:15:58[22m   [34m├─[39m [2m/tag/catering-fleet-wrap/index.html[22m [2m(+8ms)[22m 
[2m15:15:58[22m   [34m├─[39m [2m/tag/cayman/index.html[22m [2m(+5ms)[22m 
[2m15:15:58[22m   [34m├─[39m [2m/tag/charcoal/index.html[22m [2m(+11ms)[22m 
[2m15:15:58[22m   [34m├─[39m [2m/tag/charity/index.html[22m [2m(+14ms)[22m 
[2m15:15:58[22m   [34m├─[39m [2m/tag/chat-gpt-design-to-print/index.html[22m [2m(+7ms)[22m 
[2m15:15:58[22m   [34m├─[39m [2m/tag/chevrolet-express/index.html[22m [2m(+5ms)[22m 
[2m15:15:58[22m   [34m├─[39m [2m/tag/chevrolet/index.html[22m [2m(+7ms)[22m 
[2m15:15:58[22m   [34m├─[39m [2m/tag/chevy-blazer/index.html[22m [2m(+10ms)[22m 
[2m15:15:58[22m   [34m├─[39m [2m/tag/christmas-gift/index.html[22m [2m(+5ms)[22m 
[2m15:15:58[22m   [34m├─[39m [2m/tag/christmas/index.html[22m [2m(+9ms)[22m 
[2m15:15:58[22m   [34m├─[39m [2m/tag/chrome-delete/index.html[22m [2m(+22ms)[22m 
[2m15:15:58[22m   [34m├─[39m [2m/tag/chrome/index.html[22m [2m(+11ms)[22m 
[2m15:15:58[22m   [34m├─[39m [2m/tag/cleaning-guide/index.html[22m [2m(+10ms)[22m 
[2m15:15:58[22m   [34m├─[39m [2m/tag/color/index.html[22m [2m(+5ms)[22m 
[2m15:15:58[22m   [34m├─[39m [2m/tag/colour-change-wrap/index.html[22m [2m(+15ms)[22m 
[2m15:15:58[22m   [34m├─[39m [2m/tag/colour-change/index.html[22m [2m(+8ms)[22m 
[2m15:15:58[22m   [34m├─[39m [2m/tag/colour/index.html[22m [2m(+5ms)[22m 
[2m15:15:58[22m   [34m├─[39m [2m/tag/colourchange/index.html[22m [2m(+6ms)[22m 
[2m15:15:58[22m   [34m├─[39m [2m/tag/commecial/index.html[22m [2m(+10ms)[22m 
[2m15:15:58[22m   [34m├─[39m [2m/tag/commercial-truck-decals/index.html[22m [2m(+6ms)[22m 
[2m15:15:58[22m   [34m├─[39m [2m/tag/commercial-van-decals/index.html[22m [2m(+5ms)[22m 
[2m15:15:58[22m   [34m├─[39m [2m/tag/commercial-wrap/index.html[22m [2m(+9ms)[22m 
[2m15:15:58[22m   [34m├─[39m [2m/tag/commercial-wraps/index.html[22m [2m(+28ms)[22m 
[2m15:15:58[22m   [34m├─[39m [2m/tag/common-van-wrap-mistakes/index.html[22m [2m(+4ms)[22m 
[2m15:15:58[22m   [34m├─[39m [2m/tag/common-wrap-mistakes/index.html[22m [2m(+9ms)[22m 
[2m15:15:58[22m   [34m├─[39m [2m/tag/connect/index.html[22m [2m(+16ms)[22m 
[2m15:15:58[22m   [34m├─[39m [2m/tag/coolcheck/index.html[22m [2m(+6ms)[22m 
[2m15:15:58[22m   [34m├─[39m [2m/tag/corvette/index.html[22m [2m(+4ms)[22m 
[2m15:15:58[22m   [34m├─[39m [2m/tag/covid-19/index.html[22m [2m(+4ms)[22m 
[2m15:15:58[22m   [34m├─[39m [2m/tag/coyote/index.html[22m [2m(+13ms)[22m 
[2m15:15:58[22m   [34m├─[39m [2m/tag/coyotehead/index.html[22m [2m(+4ms)[22m 
[2m15:15:58[22m   [34m├─[39m [2m/tag/custom-decals/index.html[22m [2m(+5ms)[22m 
[2m15:15:58[22m   [34m├─[39m [2m/tag/custom-design-for-riders/index.html[22m [2m(+7ms)[22m 
[2m15:15:58[22m   [34m├─[39m [2m/tag/custom-design/index.html[22m [2m(+7ms)[22m 
[2m15:15:58[22m   [34m├─[39m [2m/tag/custom-helmet-wraps/index.html[22m [2m(+29ms)[22m 
[2m15:15:58[22m   [34m├─[39m [2m/tag/custom-object-wrap/index.html[22m [2m(+4ms)[22m 
[2m15:15:58[22m   [34m├─[39m [2m/tag/custom-partial-wrap/index.html[22m [2m(+4ms)[22m 
[2m15:15:58[22m   [34m├─[39m [2m/tag/custom-robot-wrap/index.html[22m [2m(+8ms)[22m 
[2m15:15:58[22m   [34m├─[39m [2m/tag/custom-vinyl-wrap/index.html[22m [2m(+9ms)[22m 
[2m15:15:58[22m   [34m├─[39m [2m/tag/custom-wrap/index.html[22m [2m(+12ms)[22m 
[2m15:15:58[22m   [34m├─[39m [2m/tag/custom/index.html[22m [2m(+5ms)[22m 
[2m15:15:58[22m   [34m├─[39m [2m/tag/customshoe/index.html[22m [2m(+10ms)[22m 
[2m15:15:58[22m   [34m├─[39m [2m/tag/customshoes/index.html[22m [2m(+7ms)[22m 
[2m15:15:58[22m   [34m├─[39m [2m/tag/cybertruck-wrap/index.html[22m [2m(+4ms)[22m 
[2m15:15:58[22m   [34m├─[39m [2m/tag/decal-sticker/index.html[22m [2m(+5ms)[22m 
[2m15:15:58[22m   [34m├─[39m [2m/tag/decal-stickers/index.html[22m [2m(+8ms)[22m 
[2m15:15:58[22m   [34m├─[39m [2m/tag/decal-update/index.html[22m [2m(+4ms)[22m 
[2m15:15:58[22m   [34m├─[39m [2m/tag/decal-wrap/index.html[22m [2m(+26ms)[22m 
[2m15:15:58[22m   [34m├─[39m [2m/tag/decal/index.html[22m [2m(+29ms)[22m 
[2m15:15:58[22m   [34m├─[39m [2m/tag/decals-sticker/index.html[22m [2m(+10ms)[22m 
[2m15:15:58[22m   [34m├─[39m [2m/tag/decals/index.html[22m [2m(+5ms)[22m 
[2m15:15:58[22m   [34m├─[39m [2m/tag/delivery/index.html[22m [2m(+3ms)[22m 
[2m15:15:58[22m   [34m├─[39m [2m/tag/dennison/index.html[22m [2m(+5ms)[22m 
[2m15:15:58[22m   [34m├─[39m [2m/tag/design/index.html[22m [2m(+7ms)[22m 
[2m15:15:58[22m   [34m├─[39m [2m/tag/dodge-caravan/index.html[22m [2m(+4ms)[22m 
[2m15:15:58[22m   [34m├─[39m [2m/tag/dodge-challenger/index.html[22m [2m(+4ms)[22m 
[2m15:15:58[22m   [34m├─[39m [2m/tag/dodge-promaster/index.html[22m [2m(+4ms)[22m 
[2m15:15:58[22m   [34m├─[39m [2m/tag/dodge/index.html[22m [2m(+4ms)[22m 
[2m15:15:58[22m   [34m├─[39m [2m/tag/ducatti/index.html[22m [2m(+11ms)[22m 
[2m15:15:58[22m   [34m├─[39m [2m/tag/electrician-van-wrap/index.html[22m [2m(+5ms)[22m 
[2m15:15:58[22m   [34m├─[39m [2m/tag/equipment-wrap/index.html[22m [2m(+51ms)[22m 
[2m15:15:58[22m   [34m├─[39m [2m/tag/equipment/index.html[22m [2m(+6ms)[22m 
[2m15:15:58[22m   [34m├─[39m [2m/tag/etobicoke/index.html[22m [2m(+4ms)[22m 
[2m15:15:58[22m   [34m├─[39m [2m/tag/event-signage/index.html[22m [2m(+8ms)[22m 
[2m15:15:58[22m   [34m├─[39m [2m/tag/event/index.html[22m [2m(+4ms)[22m 
[2m15:15:58[22m   [34m├─[39m [2m/tag/exhibition/index.html[22m [2m(+4ms)[22m 
[2m15:15:58[22m   [34m├─[39m [2m/tag/exotic/index.html[22m [2m(+4ms)[22m 
[2m15:15:58[22m   [34m├─[39m [2m/tag/ezgo/index.html[22m [2m(+5ms)[22m 
[2m15:15:58[22m   [34m├─[39m [2m/tag/f-150/index.html[22m [2m(+6ms)[22m 
[2m15:15:58[22m   [34m├─[39m [2m/tag/falcon/index.html[22m [2m(+9ms)[22m 
[2m15:15:58[22m   [34m├─[39m [2m/tag/fashion/index.html[22m [2m(+5ms)[22m 
[2m15:15:58[22m   [34m├─[39m [2m/tag/fast/index.html[22m [2m(+8ms)[22m 
[2m15:15:58[22m   [34m├─[39m [2m/tag/fastfood/index.html[22m [2m(+46ms)[22m 
[2m15:15:59[22m   [34m├─[39m [2m/tag/fiat-500/index.html[22m [2m(+8ms)[22m 
[2m15:15:59[22m   [34m├─[39m [2m/tag/fiber/index.html[22m [2m(+4ms)[22m 
[2m15:15:59[22m   [34m├─[39m [2m/tag/fishing/index.html[22m [2m(+4ms)[22m 
[2m15:15:59[22m   [34m├─[39m [2m/tag/fitness365/index.html[22m [2m(+7ms)[22m 
[2m15:15:59[22m   [34m├─[39m [2m/tag/fleet-decals/index.html[22m [2m(+4ms)[22m 
[2m15:15:59[22m   [34m├─[39m [2m/tag/fleet-truck-decals/index.html[22m [2m(+4ms)[22m 
[2m15:15:59[22m   [34m├─[39m [2m/tag/fleet-van-decals/index.html[22m [2m(+6ms)[22m 
[2m15:15:59[22m   [34m├─[39m [2m/tag/fleet-van/index.html[22m [2m(+4ms)[22m 
[2m15:15:59[22m   [34m├─[39m [2m/tag/fleet-wrap/index.html[22m [2m(+9ms)[22m 
[2m15:15:59[22m   [34m├─[39m [2m/tag/food-transit-250/index.html[22m [2m(+4ms)[22m 
[2m15:15:59[22m   [34m├─[39m [2m/tag/food/index.html[22m [2m(+6ms)[22m 
[2m15:15:59[22m   [34m├─[39m [2m/tag/ford-class-c-motorhome/index.html[22m [2m(+20ms)[22m 
[2m15:15:59[22m   [34m├─[39m [2m/tag/ford-f-series/index.html[22m [2m(+34ms)[22m 
[2m15:15:59[22m   [34m├─[39m [2m/tag/ford-f100/index.html[22m [2m(+6ms)[22m 
[2m15:15:59[22m   [34m├─[39m [2m/tag/ford-transit/index.html[22m [2m(+5ms)[22m 
[2m15:15:59[22m   [34m├─[39m [2m/tag/ford/index.html[22m [2m(+4ms)[22m 
[2m15:15:59[22m   [34m├─[39m [2m/tag/full-anime-wrap/index.html[22m [2m(+7ms)[22m 
[2m15:15:59[22m   [34m├─[39m [2m/tag/full-boat-wrap-idea/index.html[22m [2m(+4ms)[22m 
[2m15:15:59[22m   [34m├─[39m [2m/tag/full-boat-wrap/index.html[22m [2m(+4ms)[22m 
[2m15:15:59[22m   [34m├─[39m [2m/tag/full-bus-wrap/index.html[22m [2m(+10ms)[22m 
[2m15:15:59[22m   [34m├─[39m [2m/tag/full-car-wrap-car-wrap/index.html[22m [2m(+4ms)[22m 
[2m15:15:59[22m   [34m├─[39m [2m/tag/full-car-wrap/index.html[22m [2m(+4ms)[22m 
[2m15:15:59[22m   [34m├─[39m [2m/tag/full-car-wraps/index.html[22m [2m(+4ms)[22m 
[2m15:15:59[22m   [34m├─[39m [2m/tag/full-colour-print-wrap/index.html[22m [2m(+9ms)[22m 
[2m15:15:59[22m   [34m├─[39m [2m/tag/full-colour-print/index.html[22m [2m(+26ms)[22m 
[2m15:15:59[22m   [34m├─[39m [2m/tag/full-trailer-wrap/index.html[22m [2m(+29ms)[22m 
[2m15:15:59[22m   [34m├─[39m [2m/tag/full-van-wrap/index.html[22m [2m(+6ms)[22m 
[2m15:15:59[22m   [34m├─[39m [2m/tag/full-vehicle-wrap/index.html[22m [2m(+6ms)[22m 
[2m15:15:59[22m   [34m├─[39m [2m/tag/full-vinyl-wrap/index.html[22m [2m(+7ms)[22m 
[2m15:15:59[22m   [34m├─[39m [2m/tag/full-wrap-tesla/index.html[22m [2m(+4ms)[22m 
[2m15:15:59[22m   [34m├─[39m [2m/tag/full-wrap/index.html[22m [2m(+5ms)[22m 
[2m15:15:59[22m   [34m├─[39m [2m/tag/fun/index.html[22m [2m(+4ms)[22m 
[2m15:15:59[22m   [34m├─[39m [2m/tag/genie/index.html[22m [2m(+9ms)[22m 
[2m15:15:59[22m   [34m├─[39m [2m/tag/gift/index.html[22m [2m(+6ms)[22m 
[2m15:15:59[22m   [34m├─[39m [2m/tag/gloss-metallic-dark-blue/index.html[22m [2m(+6ms)[22m 
[2m15:15:59[22m   [34m├─[39m [2m/tag/glossblack/index.html[22m [2m(+5ms)[22m 
[2m15:15:59[22m   [34m├─[39m [2m/tag/glossflip/index.html[22m [2m(+20ms)[22m 
[2m15:15:59[22m   [34m├─[39m [2m/tag/gmc-sierra/index.html[22m [2m(+38ms)[22m 
[2m15:15:59[22m   [34m├─[39m [2m/tag/gmc-truck-wrap/index.html[22m [2m(+13ms)[22m 
[2m15:15:59[22m   [34m├─[39m [2m/tag/gmc/index.html[22m [2m(+4ms)[22m 
[2m15:15:59[22m   [34m├─[39m [2m/tag/go-cart-wrap/index.html[22m [2m(+4ms)[22m 
[2m15:15:59[22m   [34m├─[39m [2m/tag/goalie-mask-decal/index.html[22m [2m(+5ms)[22m 
[2m15:15:59[22m   [34m├─[39m [2m/tag/goalie-mask-wrap-toronto/index.html[22m [2m(+5ms)[22m 
[2m15:15:59[22m   [34m├─[39m [2m/tag/goalie-mask-wrap/index.html[22m [2m(+4ms)[22m 
[2m15:15:59[22m   [34m├─[39m [2m/tag/goalie-mask-wraps/index.html[22m [2m(+4ms)[22m 
[2m15:15:59[22m   [34m├─[39m [2m/tag/golf-cart-wrap/index.html[22m [2m(+4ms)[22m 
[2m15:15:59[22m   [34m├─[39m [2m/tag/golf-cart/index.html[22m [2m(+4ms)[22m 
[2m15:15:59[22m   [34m├─[39m [2m/tag/golf/index.html[22m [2m(+4ms)[22m 
[2m15:15:59[22m   [34m├─[39m [2m/tag/golfbuggy/index.html[22m [2m(+6ms)[22m 
[2m15:15:59[22m   [34m├─[39m [2m/tag/golfcart/index.html[22m [2m(+6ms)[22m 
[2m15:15:59[22m   [34m├─[39m [2m/tag/graphics/index.html[22m [2m(+59ms)[22m 
[2m15:15:59[22m   [34m├─[39m [2m/tag/grasshopper/index.html[22m [2m(+6ms)[22m 
[2m15:15:59[22m   [34m├─[39m [2m/tag/green-escapes-construction-ltddecals/index.html[22m [2m(+4ms)[22m 
[2m15:15:59[22m   [34m├─[39m [2m/tag/green/index.html[22m [2m(+6ms)[22m 
[2m15:15:59[22m   [34m├─[39m [2m/tag/greenfield-real-estate/index.html[22m [2m(+4ms)[22m 
[2m15:15:59[22m   [34m├─[39m [2m/tag/gta/index.html[22m [2m(+4ms)[22m 
[2m15:15:59[22m   [34m├─[39m [2m/tag/guitar-wrap/index.html[22m [2m(+4ms)[22m 
[2m15:15:59[22m   [34m├─[39m [2m/tag/hair/index.html[22m [2m(+4ms)[22m 
[2m15:15:59[22m   [34m├─[39m [2m/tag/health-safety-boards/index.html[22m [2m(+9ms)[22m 
[2m15:15:59[22m   [34m├─[39m [2m/tag/health/index.html[22m [2m(+6ms)[22m 
[2m15:15:59[22m   [34m├─[39m [2m/tag/heels-wrap/index.html[22m [2m(+4ms)[22m 
[2m15:15:59[22m   [34m├─[39m [2m/tag/helmet-vinyl-wrap/index.html[22m [2m(+6ms)[22m 
[2m15:15:59[22m   [34m├─[39m [2m/tag/helmet-wrap/index.html[22m [2m(+55ms)[22m 
[2m15:15:59[22m   [34m├─[39m [2m/tag/hino/index.html[22m [2m(+5ms)[22m 
[2m15:15:59[22m   [34m├─[39m [2m/tag/home-free/index.html[22m [2m(+4ms)[22m 
[2m15:15:59[22m   [34m├─[39m [2m/tag/honda-civic/index.html[22m [2m(+4ms)[22m 
[2m15:15:59[22m   [34m├─[39m [2m/tag/hvac/index.html[22m [2m(+5ms)[22m 
[2m15:15:59[22m   [34m├─[39m [2m/tag/hyundai-elantra-wrap/index.html[22m [2m(+5ms)[22m 
[2m15:15:59[22m   [34m├─[39m [2m/tag/hyundai-elantra/index.html[22m [2m(+4ms)[22m 
[2m15:15:59[22m   [34m├─[39m [2m/tag/hyundai-tuscan/index.html[22m [2m(+3ms)[22m 
[2m15:15:59[22m   [34m├─[39m [2m/tag/icecream/index.html[22m [2m(+4ms)[22m 
[2m15:15:59[22m   [34m├─[39m [2m/tag/international/index.html[22m [2m(+9ms)[22m 
[2m15:15:59[22m   [34m├─[39m [2m/tag/ivory/index.html[22m [2m(+7ms)[22m 
[2m15:15:59[22m   [34m├─[39m [2m/tag/jeep-full-wrap/index.html[22m [2m(+6ms)[22m 
[2m15:15:59[22m   [34m├─[39m [2m/tag/jeep-wrap/index.html[22m [2m(+50ms)[22m 
[2m15:15:59[22m   [34m├─[39m [2m/tag/kawasaki/index.html[22m [2m(+4ms)[22m 
[2m15:15:59[22m   [34m├─[39m [2m/tag/keeping-busy/index.html[22m [2m(+4ms)[22m 
[2m15:15:59[22m   [34m├─[39m [2m/tag/kick-tech/index.html[22m [2m(+4ms)[22m 
[2m15:15:59[22m   [34m├─[39m [2m/tag/laptop-wrap/index.html[22m [2m(+6ms)[22m 
[2m15:15:59[22m   [34m├─[39m [2m/tag/laptopwarp/index.html[22m [2m(+4ms)[22m 
[2m15:15:59[22m   [34m├─[39m [2m/tag/leased-car-wrap/index.html[22m [2m(+4ms)[22m 
[2m15:15:59[22m   [34m├─[39m [2m/tag/leased-vehicle-vinyl-wrap/index.html[22m [2m(+4ms)[22m 
[2m15:15:59[22m   [34m├─[39m [2m/tag/lettering-update/index.html[22m [2m(+13ms)[22m 
[2m15:15:59[22m   [34m├─[39m [2m/tag/lettering/index.html[22m [2m(+7ms)[22m 
[2m15:15:59[22m   [34m├─[39m [2m/tag/lgbtq/index.html[22m [2m(+8ms)[22m 
[2m15:15:59[22m   [34m├─[39m [2m/tag/lgtv/index.html[22m [2m(+4ms)[22m 
[2m15:15:59[22m   [34m├─[39m [2m/tag/lift-equipment/index.html[22m [2m(+39ms)[22m 
[2m15:15:59[22m   [34m├─[39m [2m/tag/lockdown/index.html[22m [2m(+10ms)[22m 
[2m15:15:59[22m   [34m├─[39m [2m/tag/logo/index.html[22m [2m(+5ms)[22m 
[2m15:15:59[22m   [34m├─[39m [2m/tag/logos/index.html[22m [2m(+4ms)[22m 
[2m15:15:59[22m   [34m├─[39m [2m/tag/logs/index.html[22m [2m(+6ms)[22m 
[2m15:15:59[22m   [34m├─[39m [2m/tag/magnet/index.html[22m [2m(+9ms)[22m 
[2m15:15:59[22m   [34m├─[39m [2m/tag/marketing/index.html[22m [2m(+4ms)[22m 
[2m15:15:59[22m   [34m├─[39m [2m/tag/masonry-branding-decals/index.html[22m [2m(+5ms)[22m 
[2m15:15:59[22m   [34m├─[39m [2m/tag/matte/index.html[22m [2m(+7ms)[22m 
[2m15:15:59[22m   [34m├─[39m [2m/tag/menu/index.html[22m [2m(+7ms)[22m 
[2m15:15:59[22m   [34m├─[39m [2m/tag/merc/index.html[22m [2m(+9ms)[22m 
[2m15:15:59[22m   [34m├─[39m [2m/tag/mercedes-c300/index.html[22m [2m(+4ms)[22m 
[2m15:15:59[22m   [34m├─[39m [2m/tag/mercedes-e350/index.html[22m [2m(+42ms)[22m 
[2m15:15:59[22m   [34m├─[39m [2m/tag/mercedes-sprinter/index.html[22m [2m(+4ms)[22m 
[2m15:15:59[22m   [34m├─[39m [2m/tag/mercedes/index.html[22m [2m(+4ms)[22m 
[2m15:15:59[22m   [34m├─[39m [2m/tag/metallic/index.html[22m [2m(+4ms)[22m 
[2m15:15:59[22m   [34m├─[39m [2m/tag/metris/index.html[22m [2m(+14ms)[22m 
[2m15:15:59[22m   [34m├─[39m [2m/tag/mini-cooper/index.html[22m [2m(+5ms)[22m 
[2m15:15:59[22m   [34m├─[39m [2m/tag/mobile/index.html[22m [2m(+6ms)[22m 
[2m15:15:59[22m   [34m├─[39m [2m/tag/model-s/index.html[22m [2m(+5ms)[22m 
[2m15:15:59[22m   [34m├─[39m [2m/tag/momentum-equipment-wrap/index.html[22m [2m(+9ms)[22m 
[2m15:15:59[22m   [34m├─[39m [2m/tag/momentum-lift-equipment/index.html[22m [2m(+4ms)[22m 
[2m15:15:59[22m   [34m├─[39m [2m/tag/motorbike/index.html[22m [2m(+7ms)[22m 
[2m15:15:59[22m   [34m├─[39m [2m/tag/motorcycle-wrap/index.html[22m [2m(+8ms)[22m 
[2m15:15:59[22m   [34m├─[39m [2m/tag/motorcycle/index.html[22m [2m(+8ms)[22m 
[2m15:15:59[22m   [34m├─[39m [2m/tag/motorhome-vinyl-wrap/index.html[22m [2m(+4ms)[22m 
[2m15:15:59[22m   [34m├─[39m [2m/tag/motorhome-wrap/index.html[22m [2m(+52ms)[22m 
[2m15:16:00[22m   [34m├─[39m [2m/tag/mr-norms-nephew/index.html[22m [2m(+5ms)[22m 
[2m15:16:00[22m   [34m├─[39m [2m/tag/murphy-bed-wrap-toronto/index.html[22m [2m(+9ms)[22m 
[2m15:16:00[22m   [34m├─[39m [2m/tag/murphy-bed-wrap/index.html[22m [2m(+4ms)[22m 
[2m15:16:00[22m   [34m├─[39m [2m/tag/murphy-bed/index.html[22m [2m(+4ms)[22m 
[2m15:16:00[22m   [34m├─[39m [2m/tag/murphybed/index.html[22m [2m(+3ms)[22m 
[2m15:16:00[22m   [34m├─[39m [2m/tag/muscle-car/index.html[22m [2m(+4ms)[22m 
[2m15:16:00[22m   [34m├─[39m [2m/tag/muscle/index.html[22m [2m(+11ms)[22m 
[2m15:16:00[22m   [34m├─[39m [2m/tag/mustang/index.html[22m [2m(+6ms)[22m 
[2m15:16:00[22m   [34m├─[39m [2m/tag/mustange/index.html[22m [2m(+8ms)[22m 
[2m15:16:00[22m   [34m├─[39m [2m/tag/newyearsresolution/index.html[22m [2m(+6ms)[22m 
[2m15:16:00[22m   [34m├─[39m [2m/tag/ninja/index.html[22m [2m(+6ms)[22m 
[2m15:16:00[22m   [34m├─[39m [2m/tag/nissan-juke/index.html[22m [2m(+46ms)[22m 
[2m15:16:00[22m   [34m├─[39m [2m/tag/nissan/index.html[22m [2m(+7ms)[22m 
[2m15:16:00[22m   [34m├─[39m [2m/tag/nusens/index.html[22m [2m(+5ms)[22m 
[2m15:16:00[22m   [34m├─[39m [2m/tag/nv200/index.html[22m [2m(+4ms)[22m 
[2m15:16:00[22m   [34m├─[39m [2m/tag/object-vinyl-wrap/index.html[22m [2m(+4ms)[22m 
[2m15:16:00[22m   [34m├─[39m [2m/tag/object-wrap/index.html[22m [2m(+4ms)[22m 
[2m15:16:00[22m   [34m├─[39m [2m/tag/paint-scratch/index.html[22m [2m(+7ms)[22m 
[2m15:16:00[22m   [34m├─[39m [2m/tag/partial-car-wrap/index.html[22m [2m(+4ms)[22m 
[2m15:16:00[22m   [34m├─[39m [2m/tag/partial-trailer-wrap/index.html[22m [2m(+4ms)[22m 
[2m15:16:00[22m   [34m├─[39m [2m/tag/partial-truck-wrap/index.html[22m [2m(+4ms)[22m 
[2m15:16:00[22m   [34m├─[39m [2m/tag/partial-vinyl-wrap/index.html[22m [2m(+11ms)[22m 
[2m15:16:00[22m   [34m├─[39m [2m/tag/partial-wrap-ideas/index.html[22m [2m(+4ms)[22m 
[2m15:16:00[22m   [34m├─[39m [2m/tag/partial-wrap/index.html[22m [2m(+42ms)[22m 
[2m15:16:00[22m   [34m├─[39m [2m/tag/perforated-film/index.html[22m [2m(+17ms)[22m 
[2m15:16:00[22m   [34m├─[39m [2m/tag/perforated-window-film/index.html[22m [2m(+7ms)[22m 
[2m15:16:00[22m   [34m├─[39m [2m/tag/personal-car-wrap/index.html[22m [2m(+4ms)[22m 
[2m15:16:00[22m   [34m├─[39m [2m/tag/personal-wrap/index.html[22m [2m(+4ms)[22m 
[2m15:16:00[22m   [34m├─[39m [2m/tag/pickup-truck-wrap/index.html[22m [2m(+4ms)[22m 
[2m15:16:00[22m   [34m├─[39m [2m/tag/pickup-truck/index.html[22m [2m(+4ms)[22m 
[2m15:16:00[22m   [34m├─[39m [2m/tag/plumbing/index.html[22m [2m(+5ms)[22m 
[2m15:16:00[22m   [34m├─[39m [2m/tag/pop-ups/index.html[22m [2m(+4ms)[22m 
[2m15:16:00[22m   [34m├─[39m [2m/tag/porsche/index.html[22m [2m(+4ms)[22m 
[2m15:16:00[22m   [34m├─[39m [2m/tag/posters/index.html[22m [2m(+8ms)[22m 
[2m15:16:00[22m   [34m├─[39m [2m/tag/pride-themed-car/index.html[22m [2m(+4ms)[22m 
[2m15:16:00[22m   [34m├─[39m [2m/tag/pride/index.html[22m [2m(+3ms)[22m 
[2m15:16:00[22m   [34m├─[39m [2m/tag/print-ai-design/index.html[22m [2m(+71ms)[22m 
[2m15:16:00[22m   [34m├─[39m [2m/tag/printable-vinyl/index.html[22m [2m(+9ms)[22m 
[2m15:16:00[22m   [34m├─[39m [2m/tag/printing/index.html[22m [2m(+5ms)[22m 
[2m15:16:00[22m   [34m├─[39m [2m/tag/product-wrap/index.html[22m [2m(+4ms)[22m 
[2m15:16:00[22m   [34m├─[39m [2m/tag/professional/index.html[22m [2m(+4ms)[22m 
[2m15:16:00[22m   [34m├─[39m [2m/tag/promaster-city/index.html[22m [2m(+5ms)[22m 
[2m15:16:00[22m   [34m├─[39m [2m/tag/promotional-decals/index.html[22m [2m(+3ms)[22m 
[2m15:16:00[22m   [34m├─[39m [2m/tag/promotional-wrap/index.html[22m [2m(+3ms)[22m 
[2m15:16:00[22m   [34m├─[39m [2m/tag/psychedelic/index.html[22m [2m(+4ms)[22m 
[2m15:16:00[22m   [34m├─[39m [2m/tag/r1200/index.html[22m [2m(+3ms)[22m 
[2m15:16:00[22m   [34m├─[39m [2m/tag/racing-stripes/index.html[22m [2m(+4ms)[22m 
[2m15:16:00[22m   [34m├─[39m [2m/tag/racing/index.html[22m [2m(+60ms)[22m 
[2m15:16:00[22m   [34m├─[39m [2m/tag/racingstripes/index.html[22m [2m(+11ms)[22m 
[2m15:16:00[22m   [34m├─[39m [2m/tag/racks/index.html[22m [2m(+7ms)[22m 
[2m15:16:00[22m   [34m├─[39m [2m/tag/ram-promaster/index.html[22m [2m(+4ms)[22m 
[2m15:16:00[22m   [34m├─[39m [2m/tag/ram/index.html[22m [2m(+4ms)[22m 
[2m15:16:00[22m   [34m├─[39m [2m/tag/range-rover/index.html[22m [2m(+5ms)[22m 
[2m15:16:00[22m   [34m├─[39m [2m/tag/rangerover/index.html[22m [2m(+4ms)[22m 
[2m15:16:00[22m   [34m├─[39m [2m/tag/recreational-wrap/index.html[22m [2m(+4ms)[22m 
[2m15:16:00[22m   [34m├─[39m [2m/tag/recreational/index.html[22m [2m(+3ms)[22m 
[2m15:16:00[22m   [34m├─[39m [2m/tag/red-stripes/index.html[22m [2m(+4ms)[22m 
[2m15:16:00[22m   [34m├─[39m [2m/tag/red/index.html[22m [2m(+8ms)[22m 
[2m15:16:00[22m   [34m├─[39m [2m/tag/removable-vinyl/index.html[22m [2m(+4ms)[22m 
[2m15:16:00[22m   [34m├─[39m [2m/tag/renault-van/index.html[22m [2m(+26ms)[22m 
[2m15:16:00[22m   [34m├─[39m [2m/tag/replacement/index.html[22m [2m(+47ms)[22m 
[2m15:16:00[22m   [34m├─[39m [2m/tag/restoration/index.html[22m [2m(+5ms)[22m 
[2m15:16:00[22m   [34m├─[39m [2m/tag/restored/index.html[22m [2m(+6ms)[22m 
[2m15:16:00[22m   [34m├─[39m [2m/tag/road/index.html[22m [2m(+4ms)[22m 
[2m15:16:00[22m   [34m├─[39m [2m/tag/robot-wrap/index.html[22m [2m(+4ms)[22m 
[2m15:16:00[22m   [34m├─[39m [2m/tag/rock-bottom/index.html[22m [2m(+13ms)[22m 
[2m15:16:00[22m   [34m├─[39m [2m/tag/roof/index.html[22m [2m(+6ms)[22m 
[2m15:16:00[22m   [34m├─[39m [2m/tag/rv-wrap/index.html[22m [2m(+4ms)[22m 
[2m15:16:00[22m   [34m├─[39m [2m/tag/safe-cleaning/index.html[22m [2m(+3ms)[22m 
[2m15:16:00[22m   [34m├─[39m [2m/tag/safety/index.html[22m [2m(+3ms)[22m 
[2m15:16:00[22m   [34m├─[39m [2m/tag/same-day-printing/index.html[22m [2m(+5ms)[22m 
[2m15:16:00[22m   [34m├─[39m [2m/tag/satin/index.html[22m [2m(+8ms)[22m 
[2m15:16:00[22m   [34m├─[39m [2m/tag/satinblack/index.html[22m [2m(+55ms)[22m 
[2m15:16:00[22m   [34m├─[39m [2m/tag/savannah/index.html[22m [2m(+6ms)[22m 
[2m15:16:00[22m   [34m├─[39m [2m/tag/schedule/index.html[22m [2m(+5ms)[22m 
[2m15:16:00[22m   [34m├─[39m [2m/tag/scooter-wrap/index.html[22m [2m(+4ms)[22m 
[2m15:16:00[22m   [34m├─[39m [2m/tag/scott-mcgillivray/index.html[22m [2m(+4ms)[22m 
[2m15:16:00[22m   [34m├─[39m [2m/tag/scrambler/index.html[22m [2m(+4ms)[22m 
[2m15:16:00[22m   [34m├─[39m [2m/tag/security/index.html[22m [2m(+4ms)[22m 
[2m15:16:00[22m   [34m├─[39m [2m/tag/shack-shine/index.html[22m [2m(+9ms)[22m 
[2m15:16:00[22m   [34m├─[39m [2m/tag/shoesvinyl/index.html[22m [2m(+4ms)[22m 
[2m15:16:00[22m   [34m├─[39m [2m/tag/shoeswrap/index.html[22m [2m(+6ms)[22m 
[2m15:16:00[22m   [34m├─[39m [2m/tag/shoewrap/index.html[22m [2m(+4ms)[22m 
[2m15:16:00[22m   [34m├─[39m [2m/tag/sign/index.html[22m [2m(+4ms)[22m 
[2m15:16:00[22m   [34m├─[39m [2m/tag/signage/index.html[22m [2m(+4ms)[22m 
[2m15:16:00[22m   [34m├─[39m [2m/tag/signs/index.html[22m [2m(+48ms)[22m 
[2m15:16:00[22m   [34m├─[39m [2m/tag/silverado/index.html[22m [2m(+22ms)[22m 
[2m15:16:00[22m   [34m├─[39m [2m/tag/smallbusiness/index.html[22m [2m(+4ms)[22m 
[2m15:16:00[22m   [34m├─[39m [2m/tag/smart-car-wrap/index.html[22m [2m(+4ms)[22m 
[2m15:16:00[22m   [34m├─[39m [2m/tag/social/index.html[22m [2m(+6ms)[22m 
[2m15:16:00[22m   [34m├─[39m [2m/tag/speed/index.html[22m [2m(+4ms)[22m 
[2m15:16:00[22m   [34m├─[39m [2m/tag/speedboat/index.html[22m [2m(+5ms)[22m 
[2m15:16:00[22m   [34m├─[39m [2m/tag/spot-robot-wrap/index.html[22m [2m(+4ms)[22m 
[2m15:16:00[22m   [34m├─[39m [2m/tag/spring-clean/index.html[22m [2m(+4ms)[22m 
[2m15:16:00[22m   [34m├─[39m [2m/tag/stage-21/index.html[22m [2m(+6ms)[22m 
[2m15:16:00[22m   [34m├─[39m [2m/tag/standout/index.html[22m [2m(+4ms)[22m 
[2m15:16:00[22m   [34m├─[39m [2m/tag/stickers/index.html[22m [2m(+55ms)[22m 
[2m15:16:00[22m   [34m├─[39m [2m/tag/store-wrap/index.html[22m [2m(+14ms)[22m 
[2m15:16:00[22m   [34m├─[39m [2m/tag/storefront-wrap/index.html[22m [2m(+4ms)[22m 
[2m15:16:00[22m   [34m├─[39m [2m/tag/stratos/index.html[22m [2m(+4ms)[22m 
[2m15:16:00[22m   [34m├─[39m [2m/tag/stripes/index.html[22m [2m(+4ms)[22m 
[2m15:16:00[22m   [34m├─[39m [2m/tag/subaru/index.html[22m [2m(+5ms)[22m 
[2m15:16:00[22m   [34m├─[39m [2m/tag/summer/index.html[22m [2m(+5ms)[22m 
[2m15:16:00[22m   [34m├─[39m [2m/tag/supra/index.html[22m [2m(+5ms)[22m 
[2m15:16:01[22m   [34m├─[39m [2m/tag/surgically-clean-air/index.html[22m [2m(+5ms)[22m 
[2m15:16:01[22m   [34m├─[39m [2m/tag/tablet-wrap/index.html[22m [2m(+6ms)[22m 
[2m15:16:01[22m   [34m├─[39m [2m/tag/tank/index.html[22m [2m(+6ms)[22m 
[2m15:16:01[22m   [34m├─[39m [2m/tag/tech-wrap/index.html[22m [2m(+30ms)[22m 
[2m15:16:01[22m   [34m├─[39m [2m/tag/temporary-vinyl/index.html[22m [2m(+13ms)[22m 
[2m15:16:01[22m   [34m├─[39m [2m/tag/tesla-vinyl-wrap/index.html[22m [2m(+21ms)[22m 
[2m15:16:01[22m   [34m├─[39m [2m/tag/tesla-wrap/index.html[22m [2m(+4ms)[22m 
[2m15:16:01[22m   [34m├─[39m [2m/tag/tesla/index.html[22m [2m(+4ms)[22m 
[2m15:16:01[22m   [34m├─[39m [2m/tag/tire-skids/index.html[22m [2m(+4ms)[22m 
[2m15:16:01[22m   [34m├─[39m [2m/tag/toronto-car-wrap/index.html[22m [2m(+7ms)[22m 
[2m15:16:01[22m   [34m├─[39m [2m/tag/toronto-wrap/index.html[22m [2m(+5ms)[22m 
[2m15:16:01[22m   [34m├─[39m [2m/tag/toronto/index.html[22m [2m(+4ms)[22m 
[2m15:16:01[22m   [34m├─[39m [2m/tag/toyato/index.html[22m [2m(+4ms)[22m 
[2m15:16:01[22m   [34m├─[39m [2m/tag/toyota-highlander-hybrid/index.html[22m [2m(+8ms)[22m 
[2m15:16:01[22m   [34m├─[39m [2m/tag/toyota-rav4/index.html[22m [2m(+6ms)[22m 
[2m15:16:01[22m   [34m├─[39m [2m/tag/trade-shows/index.html[22m [2m(+26ms)[22m 
[2m15:16:01[22m   [34m├─[39m [2m/tag/trailer-wrap/index.html[22m [2m(+34ms)[22m 
[2m15:16:01[22m   [34m├─[39m [2m/tag/trailer-wraps/index.html[22m [2m(+6ms)[22m 
[2m15:16:01[22m   [34m├─[39m [2m/tag/transit/index.html[22m [2m(+5ms)[22m 
[2m15:16:01[22m   [34m├─[39m [2m/tag/transponder/index.html[22m [2m(+5ms)[22m 
[2m15:16:01[22m   [34m├─[39m [2m/tag/trim/index.html[22m [2m(+4ms)[22m 
[2m15:16:01[22m   [34m├─[39m [2m/tag/truck-decals-sticker/index.html[22m [2m(+4ms)[22m 
[2m15:16:01[22m   [34m├─[39m [2m/tag/truck-decals/index.html[22m [2m(+4ms)[22m 
[2m15:16:01[22m   [34m├─[39m [2m/tag/truck-vinyl-wrap/index.html[22m [2m(+4ms)[22m 
[2m15:16:01[22m   [34m├─[39m [2m/tag/truck-wrap-toronto/index.html[22m [2m(+4ms)[22m 
[2m15:16:01[22m   [34m├─[39m [2m/tag/truck-wrap/index.html[22m [2m(+7ms)[22m 
[2m15:16:01[22m   [34m├─[39m [2m/tag/trucks-decals/index.html[22m [2m(+4ms)[22m 
[2m15:16:01[22m   [34m├─[39m [2m/tag/university-of-waterloo/index.html[22m [2m(+31ms)[22m 
[2m15:16:01[22m   [34m├─[39m [2m/tag/update-a-piece-of-wrap/index.html[22m [2m(+7ms)[22m 
[2m15:16:01[22m   [34m├─[39m [2m/tag/van-decals/index.html[22m [2m(+21ms)[22m 
[2m15:16:01[22m   [34m├─[39m [2m/tag/van-lettering-decals/index.html[22m [2m(+10ms)[22m 
[2m15:16:01[22m   [34m├─[39m [2m/tag/van-lettering/index.html[22m [2m(+6ms)[22m 
[2m15:16:01[22m   [34m├─[39m [2m/tag/van-vinyl-wrap/index.html[22m [2m(+5ms)[22m 
[2m15:16:01[22m   [34m├─[39m [2m/tag/van-wrap-cleaning/index.html[22m [2m(+6ms)[22m 
[2m15:16:01[22m   [34m├─[39m [2m/tag/van-wrap/index.html[22m [2m(+5ms)[22m 
[2m15:16:01[22m   [34m├─[39m [2m/tag/vehicle-branding/index.html[22m [2m(+3ms)[22m 
[2m15:16:01[22m   [34m├─[39m [2m/tag/vehicle-decals/index.html[22m [2m(+4ms)[22m 
[2m15:16:01[22m   [34m├─[39m [2m/tag/vehicle-photos/index.html[22m [2m(+8ms)[22m 
[2m15:16:01[22m   [34m├─[39m [2m/tag/vehicle-wrap-etobicoke/index.html[22m [2m(+4ms)[22m 
[2m15:16:01[22m   [34m├─[39m [2m/tag/vehicle-wrap-fails/index.html[22m [2m(+5ms)[22m 
[2m15:16:01[22m   [34m├─[39m [2m/tag/vehicle-wrap-toronto/index.html[22m [2m(+59ms)[22m 
[2m15:16:01[22m   [34m├─[39m [2m/tag/vehicle-wrap/index.html[22m [2m(+12ms)[22m 
[2m15:16:01[22m   [34m├─[39m [2m/tag/vehicle-wraps/index.html[22m [2m(+10ms)[22m 
[2m15:16:01[22m   [34m├─[39m [2m/tag/vehicle/index.html[22m [2m(+5ms)[22m 
[2m15:16:01[22m   [34m├─[39m [2m/tag/vertical-mast/index.html[22m [2m(+4ms)[22m 
[2m15:16:01[22m   [34m├─[39m [2m/tag/vintage-car-wrap/index.html[22m [2m(+3ms)[22m 
[2m15:16:01[22m   [34m├─[39m [2m/tag/vintage/index.html[22m [2m(+5ms)[22m 
[2m15:16:01[22m   [34m├─[39m [2m/tag/vinyl-anime-wrap/index.html[22m [2m(+4ms)[22m 
[2m15:16:01[22m   [34m├─[39m [2m/tag/vinyl-decals/index.html[22m [2m(+6ms)[22m 
[2m15:16:01[22m   [34m├─[39m [2m/tag/vinyl-lettering-and-decals/index.html[22m [2m(+5ms)[22m 
[2m15:16:01[22m   [34m├─[39m [2m/tag/vinyl-stickers/index.html[22m [2m(+5ms)[22m 
[2m15:16:01[22m   [34m├─[39m [2m/tag/vinyl-truck-decals/index.html[22m [2m(+49ms)[22m 
[2m15:16:01[22m   [34m├─[39m [2m/tag/vinyl-wrap-cost/index.html[22m [2m(+15ms)[22m 
[2m15:16:01[22m   [34m├─[39m [2m/tag/vinyl-wrap-installation-certification/index.html[22m [2m(+4ms)[22m 
[2m15:16:01[22m   [34m├─[39m [2m/tag/vinyl-wrap-installation/index.html[22m [2m(+4ms)[22m 
[2m15:16:01[22m   [34m├─[39m [2m/tag/vinyl-wrap-quote/index.html[22m [2m(+8ms)[22m 
[2m15:16:01[22m   [34m├─[39m [2m/tag/vinyl-wrap-toronto/index.html[22m [2m(+6ms)[22m 
[2m15:16:01[22m   [34m├─[39m [2m/tag/vinyl-wrap/index.html[22m [2m(+6ms)[22m 
[2m15:16:01[22m   [34m├─[39m [2m/tag/vinyl-wrp/index.html[22m [2m(+4ms)[22m 
[2m15:16:01[22m   [34m├─[39m [2m/tag/vinyl/index.html[22m [2m(+5ms)[22m 
[2m15:16:01[22m   [34m├─[39m [2m/tag/vinylwrap/index.html[22m [2m(+8ms)[22m 
[2m15:16:01[22m   [34m├─[39m [2m/tag/vinylwraptoronto/index.html[22m [2m(+6ms)[22m 
[2m15:16:01[22m   [34m├─[39m [2m/tag/volkswagen-beetle/index.html[22m [2m(+12ms)[22m 
[2m15:16:01[22m   [34m├─[39m [2m/tag/volt/index.html[22m [2m(+51ms)[22m 
[2m15:16:01[22m   [34m├─[39m [2m/tag/volvo/index.html[22m [2m(+6ms)[22m 
[2m15:16:01[22m   [34m├─[39m [2m/tag/wall-wrap-toronto/index.html[22m [2m(+5ms)[22m 
[2m15:16:01[22m   [34m├─[39m [2m/tag/wall/index.html[22m [2m(+4ms)[22m 
[2m15:16:01[22m   [34m├─[39m [2m/tag/warning-signs/index.html[22m [2m(+4ms)[22m 
[2m15:16:01[22m   [34m├─[39m [2m/tag/water/index.html[22m [2m(+5ms)[22m 
[2m15:16:01[22m   [34m├─[39m [2m/tag/waterski/index.html[22m [2m(+5ms)[22m 
[2m15:16:01[22m   [34m├─[39m [2m/tag/work/index.html[22m [2m(+4ms)[22m 
[2m15:16:01[22m   [34m├─[39m [2m/tag/wrap-checklist/index.html[22m [2m(+8ms)[22m 
[2m15:16:01[22m   [34m├─[39m [2m/tag/wrap-company/index.html[22m [2m(+4ms)[22m 
[2m15:16:01[22m   [34m├─[39m [2m/tag/wrap-event/index.html[22m [2m(+4ms)[22m 
[2m15:16:01[22m   [34m├─[39m [2m/tag/wrap-insurance/index.html[22m [2m(+11ms)[22m 
[2m15:16:01[22m   [34m├─[39m [2m/tag/wrap-refresh/index.html[22m [2m(+47ms)[22m 
[2m15:16:01[22m   [34m├─[39m [2m/tag/wrap-replacement-schedule/index.html[22m [2m(+10ms)[22m 
[2m15:16:01[22m   [34m├─[39m [2m/tag/wrap/index.html[22m [2m(+4ms)[22m 
[2m15:16:01[22m   [34m├─[39m [2m/tag/wraps-toronto/index.html[22m [2m(+4ms)[22m 
[2m15:16:01[22m   [34m├─[39m [2m/tag/zuccarini/index.html[22m [2m(+5ms)[22m 
[2m15:16:01[22m   [34m├─[39m [2m/terms-and-conditions/index.html[22m [2m(+9ms)[22m 
[2m15:16:01[22m   [34m├─[39m [2m/tesla-model-3-wraps/index.html[22m [2m(+7ms)[22m 
[2m15:16:01[22m   [34m├─[39m [2m/tesla-model-s-wraps/index.html[22m [2m(+6ms)[22m 
[2m15:16:01[22m   [34m├─[39m [2m/tesla-vinyl-wraps/index.html[22m [2m(+9ms)[22m 
[2m15:16:01[22m   [34m├─[39m [2m/thank-you/index.html[22m [2m(+3ms)[22m 
[2m15:16:01[22m   [34m├─[39m [2m/trailer-decals-lettering/index.html[22m [2m(+6ms)[22m 
[2m15:16:01[22m   [34m├─[39m [2m/trailer-wrap-toronto/index.html[22m [2m(+39ms)[22m 
[2m15:16:01[22m   [34m├─[39m [2m/truck-lettering-and-decals-toronto/index.html[22m [2m(+18ms)[22m 
[2m15:16:01[22m   [34m├─[39m [2m/truck-wraps/index.html[22m [2m(+5ms)[22m 
[2m15:16:01[22m   [34m├─[39m [2m/van-lettering-and-decals-toronto/index.html[22m [2m(+6ms)[22m 
[2m15:16:01[22m   [34m├─[39m [2m/van-wraps/index.html[22m [2m(+5ms)[22m 
[2m15:16:01[22m   [34m├─[39m [2m/vehicle-paint-protection-film-toronto/index.html[22m [2m(+8ms)[22m 
[2m15:16:01[22m   [34m├─[39m [2m/vinyl-car-wrap-our-portfolio/index.html[22m [2m(+11ms)[22m 
[2m15:16:01[22m   [34m├─[39m [2m/wall-graphics-toronto/index.html[22m [2m(+4ms)[22m 
[2m15:16:01[22m   [34m├─[39m [2m/web-stories/index.html[22m [2m(+10ms)[22m 
[2m15:16:01[22m   [34m├─[39m [2m/web-stories/custom-designed-vehicle-wraps-in-gta/index.html[22m [2m(+4ms)[22m 
[2m15:16:01[22m   [34m├─[39m [2m/web-stories/vehicle-racing-stripes-in-gta-toronto/index.html[22m [2m(+4ms)[22m 
[2m15:16:01[22m   [34m├─[39m [2m/window-headlight-taillight-tinting/index.html[22m [2m(+8ms)[22m 
[2m15:16:01[22m   [34m├─[39m [2m/wrap-results-categories/tesla/index.html[22m [2m(+4ms)[22m 
[2m15:16:01[22m   [34m├─[39m [2m/wraps-before-after/index.html[22m [2m(+10ms)[22m 
[2m15:16:01[22m   [34m├─[39m [2m/wraps-before-after/bmw-i8-full-wrap/index.html[22m [2m(+43ms)[22m 
[2m15:16:02[22m   [34m├─[39m [2m/wraps-before-after/gmc-sierra-custom-truck-decals/index.html[22m [2m(+4ms)[22m 
[2m15:16:02[22m   [34m├─[39m [2m/wraps-before-after/ram-promaster-full-vinyl-wrap/index.html[22m [2m(+4ms)[22m 
[2m15:16:02[22m   [34m├─[39m [2m/wraps-before-after/mercedes-gle-63-colour-change/index.html[22m [2m(+4ms)[22m 
[2m15:16:02[22m   [34m├─[39m [2m/wraps-before-after/personal-tesla-model-3-partial-wrap/index.html[22m [2m(+3ms)[22m 
[2m15:16:02[22m   [34m├─[39m [2m/wraps-before-after/tesla-model-3-full-colour-change-vinyl-wrap/index.html[22m [2m(+3ms)[22m 
[2m15:16:02[22m   [34m├─[39m [2m/wraps-before-after/ford-transit-partial-wrap/index.html[22m [2m(+12ms)[22m 
[2m15:16:02[22m   [34m├─[39m [2m/wraps-before-after/ford-bronco-sport-2023-colour-change/index.html[22m [2m(+3ms)[22m 
[2m15:16:02[22m   [34m├─[39m [2m/wraps-before-after/honda-odyssey-partial-wrap/index.html[22m [2m(+3ms)[22m 
[2m15:16:02[22m   [34m├─[39m [2m/wraps-before-after/ford-f-150-crew-6-5-2024-full-wrap/index.html[22m [2m(+6ms)[22m 
[2m15:16:02[22m   [34m├─[39m [2m/locations-served/custom-wraps-toronto/index.html[22m [2m(+6ms)[22m 
[2m15:16:02[22m   [34m├─[39m [2m/wraps-before-after/chevrolet-blazer-colour-change/index.html[22m [2m(+3ms)[22m 
[2m15:16:02[22m   [34m├─[39m [2m/wraps-before-after/tesla-model-y-colour-change-wrap-matte-metallic-charcoal/index.html[22m [2m(+9ms)[22m 
[2m15:16:02[22m   [34m├─[39m [2m/wraps-before-after/bmw-x4-full-wrap/index.html[22m [2m(+7ms)[22m 
[2m15:16:02[22m   [34m├─[39m [2m/locations-served/custom-wraps-mississauga/index.html[22m [2m(+43ms)[22m 
[2m15:16:02[22m   [34m├─[39m [2m/wraps-before-after/pontiac-trans-am-custom-decals/index.html[22m [2m(+3ms)[22m 
[2m15:16:02[22m   [34m├─[39m [2m/wraps-before-after/tesla-model-s-full-wrap-matte-black/index.html[22m [2m(+3ms)[22m 
[2m15:16:02[22m   [34m├─[39m [2m/wraps-before-after/gmc-sierra-partial-wrap/index.html[22m [2m(+3ms)[22m 
[2m15:16:02[22m   [34m├─[39m [2m/wraps-before-after/toyota-rav4-commercial-full-wrap-joy-radio/index.html[22m [2m(+8ms)[22m 
[2m15:16:02[22m   [34m├─[39m [2m/locations-served/custom-vinyl-wraps-markham/index.html[22m [2m(+6ms)[22m 
[2m15:16:02[22m   [34m├─[39m [2m/wraps-before-after/jeep-wrangler-full-wrap-colour-change/index.html[22m [2m(+6ms)[22m 
[2m15:16:02[22m   [34m├─[39m [2m/wraps-before-after/good-woof-sprinter-high-roof-full-wrap/index.html[22m [2m(+3ms)[22m 
[2m15:16:02[22m   [34m├─[39m [2m/wraps-before-after/audi-q5-full-colour-change/index.html[22m [2m(+3ms)[22m 
[2m15:16:02[22m   [34m├─[39m [2m/wraps-before-after/toyota-matrix-partial-wrap/index.html[22m [2m(+7ms)[22m 
[2m15:16:02[22m   [34m├─[39m [2m/wraps-before-after/tesla-full-colour-change-wrap/index.html[22m [2m(+4ms)[22m 
[2m15:16:02[22m   [34m├─[39m [2m/wraps-before-after/kenworth-transport-truck-full-wrap-decals/index.html[22m [2m(+3ms)[22m 
[2m15:16:02[22m   [34m├─[39m [2m/wraps-before-after/exclusive-alarms-ford-transit-partial-wrap/index.html[22m [2m(+41ms)[22m 
[2m15:16:02[22m   [34m├─[39m [2m/wraps-before-after/mercedes-sprinter-lettering-decals/index.html[22m [2m(+5ms)[22m 
[2m15:16:02[22m   [34m├─[39m [2m/locations-served/custom-decals-oakville/index.html[22m [2m(+8ms)[22m 
[2m15:16:02[22m   [34m├─[39m [2m/locations-served/custom-wraps-scarborough/index.html[22m [2m(+6ms)[22m 
[2m15:16:02[22m   [34m├─[39m [2m/wraps-before-after/tesla-cybertruck-full-wrap/index.html[22m [2m(+4ms)[22m 
[2m15:16:02[22m   [34m├─[39m [2m/wraps-before-after/gmc-sierra-1500-2016-promotional-decals/index.html[22m [2m(+7ms)[22m 
[2m15:16:02[22m   [34m├─[39m [2m/wraps-before-after/mercedes-sprinter-high-roof-extended-2014-decals/index.html[22m [2m(+3ms)[22m 
[2m15:16:02[22m   [34m├─[39m [2m/covid-19-social-distancing-vinyl-wrap/index.html[22m [2m(+6ms)[22m 
[2m15:16:02[22m   [34m├─[39m [2m/avery-dennison-full-van-wrap/index.html[22m [2m(+7ms)[22m 
[2m15:16:02[22m   [34m├─[39m [2m/wraps-before-after/1995-renault-master-t35d-partial-wrap/index.html[22m [2m(+3ms)[22m 
[2m15:16:02[22m   [34m├─[39m [2m/wraps-before-after/tesla-model-s-wrap-satin-flip-psychedelic/index.html[22m [2m(+3ms)[22m 
[2m15:16:02[22m   [34m├─[39m [2m/wraps-before-after/tesla-model-3-2023-colour-change/index.html[22m [2m(+4ms)[22m 
[2m15:16:02[22m   [34m├─[39m [2m/wraps-before-after/mag-restoration-decals/index.html[22m [2m(+46ms)[22m 
[2m15:16:02[22m   [34m├─[39m [2m/wraps-before-after/paint-pro-chevy-express-full-commercial-wrap/index.html[22m [2m(+8ms)[22m 
[2m15:16:02[22m   [34m├─[39m [2m/wraps-before-after/ford-bronco-full-wrap/index.html[22m [2m(+8ms)[22m 
[2m15:16:02[22m   [34m├─[39m [2m/wraps-before-after/tesla-model-y-full-car-wrap-colour-change/index.html[22m [2m(+4ms)[22m 
[2m15:16:02[22m   [34m├─[39m [2m/wraps-before-after/mercedes-sprinter-lwb-high-roof-2024-partial-wrap/index.html[22m [2m(+7ms)[22m 
[2m15:16:02[22m   [34m├─[39m [2m/wraps-before-after/ford-transit-custom-decals/index.html[22m [2m(+4ms)[22m 
[2m15:16:02[22m   [34m├─[39m [2m/wraps-before-after/ford-f-250-partial-wrap/index.html[22m [2m(+3ms)[22m 
[2m15:16:02[22m   [34m├─[39m [2m/wraps-before-after/custom-designed-car-decals/index.html[22m [2m(+7ms)[22m 
[2m15:16:02[22m   [34m├─[39m [2m/wraps-before-after/smartway-cleaning-commercial-decals/index.html[22m [2m(+4ms)[22m 
[2m15:16:02[22m   [34m├─[39m [2m/wraps-before-after/tesla-model-x-full-wrap-matte-metallic-night-blue/index.html[22m [2m(+3ms)[22m 
[2m15:16:02[22m   [34m├─[39m [2m/wraps-before-after/hepcure-ford-e450-full-wrap/index.html[22m [2m(+5ms)[22m 
[2m15:16:02[22m   [34m├─[39m [2m/wraps-before-after/subaru-sambar-full-wrap/index.html[22m [2m(+4ms)[22m 
[2m15:16:02[22m   [34m├─[39m [2m/wraps-before-after/truck-wrap-commercial/index.html[22m [2m(+50ms)[22m 
[2m15:16:02[22m   [34m├─[39m [2m/wraps-before-after/ford-f150-snowplow-full-wrap/index.html[22m [2m(+6ms)[22m 
[2m15:16:02[22m   [34m├─[39m [2m/wraps-before-after/mazda-mx-5gt-soft-top-full-wrap/index.html[22m [2m(+4ms)[22m 
[2m15:16:02[22m   [34m├─[39m [2m/wraps-before-after/toyota-gr-corolla-full-wrap/index.html[22m [2m(+5ms)[22m 
[2m15:16:02[22m   [34m├─[39m [2m/wraps-before-after/end-of-the-roll-ram-promaster-partial-wrap/index.html[22m [2m(+5ms)[22m 
[2m15:16:02[22m   [34m├─[39m [2m/wraps-before-after/full-car-wrap-carbon-fibre-finish/index.html[22m [2m(+11ms)[22m 
[2m15:16:02[22m   [34m├─[39m [2m/locations-served/vehicle-graphics-brampton/index.html[22m [2m(+5ms)[22m 
[2m15:16:02[22m   [34m├─[39m [2m/wraps-before-after/jeep-sahara-stripe/index.html[22m [2m(+6ms)[22m 
[2m15:16:02[22m   [34m├─[39m [2m/wraps-before-after/ford-f150-partial-wrap/index.html[22m [2m(+5ms)[22m 
[2m15:16:02[22m   [34m├─[39m [2m/locations-served/custom-wraps-north-york/index.html[22m [2m(+9ms)[22m 
[2m15:16:02[22m   [34m├─[39m [2m/wraps-before-after/atm-systems-box-truck/index.html[22m [2m(+3ms)[22m 
[2m15:16:02[22m   [34m├─[39m [2m/wraps-before-after/tesla-model-3-2024-commercial-partial-car-wrap/index.html[22m [2m(+3ms)[22m 
[2m15:16:02[22m   [34m├─[39m [2m/wraps-before-after/kcs-group-mercedes-metris-partial-wrap/index.html[22m [2m(+11ms)[22m 
[2m15:16:02[22m   [34m├─[39m [2m/wraps-before-after/provisions-to-food-truck-wrap/index.html[22m [2m(+16ms)[22m 
[2m15:16:02[22m   [34m├─[39m [2m/wraps-before-after/dodge-challenger-personal-full-car-wrap/index.html[22m [2m(+17ms)[22m 
[2m15:16:02[22m   [34m├─[39m [2m/wraps-before-after/jeep-wrangler-custom-full-winter-camouflage-wrap/index.html[22m [2m(+3ms)[22m 
[2m15:16:02[22m   [34m├─[39m [2m/wraps-before-after/dodge-caravan-custom-decals/index.html[22m [2m(+6ms)[22m 
[2m15:16:02[22m   [34m├─[39m [2m/wraps-before-after/tesla-model-s-full-wrap/index.html[22m [2m(+17ms)[22m 
[2m15:16:02[22m   [34m├─[39m [2m/wraps-before-after/mazda-3-racing-stripes/index.html[22m [2m(+3ms)[22m 
[2m15:16:02[22m   [34m├─[39m [2m/wraps-before-after/helmet-vinyl-wrap-custom-design/index.html[22m [2m(+3ms)[22m 
[2m15:16:02[22m   [34m├─[39m [2m/wraps-before-after/mag-restoration-and-renovation-services-van-decals/index.html[22m [2m(+3ms)[22m 
[2m15:16:02[22m   [34m├─[39m [2m/wraps-before-after/jeep-gladiator-rubicon-custom-partial-wrap/index.html[22m [2m(+3ms)[22m 
[2m15:16:02[22m   [34m├─[39m [2m/wraps-before-after/custom-commercial-decals-flow-98-7-fm/index.html[22m [2m(+8ms)[22m 
[2m15:16:02[22m   [34m├─[39m [2m/wraps-before-after/dodge-caravan-lettering-decals/index.html[22m [2m(+6ms)[22m 
[2m15:16:02[22m   [34m├─[39m [2m/gtalx-event/index.html[22m [2m(+11ms)[22m 
[2m15:16:02[22m   [34m├─[39m [2m/wraps-before-after/budget-blinds-dodge-caravan-gt-partial-wrap/index.html[22m [2m(+14ms)[22m 
[2m15:16:02[22m   [34m├─[39m [2m/wraps-before-after/tesla-model-s-colour-change/index.html[22m [2m(+18ms)[22m 
[2m15:16:02[22m   [34m├─[39m [2m/wraps-before-after/bootcamp-dodge-ram-promaster3500-decals/index.html[22m [2m(+3ms)[22m 
[2m15:16:02[22m   [34m├─[39m [2m/printing-shop-toronto-yes-were-open/index.html[22m [2m(+7ms)[22m 
[2m15:16:02[22m   [34m├─[39m [2m/truck-stickers-vinyl-wrap/index.html[22m [2m(+12ms)[22m 
[2m15:16:02[22m   [34m├─[39m [2m/wraps-before-after/rockbottom-underpinning-truck-full-wrap/index.html[22m [2m(+5ms)[22m 
[2m15:16:02[22m   [34m├─[39m [2m/equipment-wrap-kitchen-appliances-vinyl-wrap/index.html[22m [2m(+6ms)[22m 
[2m15:16:02[22m   [34m├─[39m [2m/ducati-motorcycle-wrap-vinyl-toronto/index.html[22m [2m(+7ms)[22m 
[2m15:16:02[22m   [34m├─[39m [2m/car-wrap-toronto-fiat-spider-124/index.html[22m [2m(+5ms)[22m 
[2m15:16:02[22m   [34m├─[39m [2m/momemtum-lift-equipment-wrap-toronto/index.html[22m [2m(+5ms)[22m 
[2m15:16:02[22m   [34m├─[39m [2m/jeep-full-car-wrap-toronto/index.html[22m [2m(+6ms)[22m 
[2m15:16:02[22m   [34m├─[39m [2m/equipment-laptop-wrap-toronto/index.html[22m [2m(+6ms)[22m 
[2m15:16:02[22m   [34m├─[39m [2m/murphy-bed-warp-toronto/index.html[22m [2m(+5ms)[22m 
[2m15:16:02[22m   [34m├─[39m [2m/goalie-mask-wraps/index.html[22m [2m(+26ms)[22m 
[2m15:16:02[22m   [34m├─[39m [2m/toronto-car-wraps/index.html[22m [2m(+12ms)[22m 
[2m15:16:02[22m   [34m├─[39m [2m/transponder-equipment-wrap-toronto/index.html[22m [2m(+5ms)[22m 
[2m15:16:02[22m   [34m├─[39m [2m/storefront-wrap-toronto-pink/index.html[22m [2m(+14ms)[22m 
[2m15:16:02[22m   [34m├─[39m [2m/custom-shoes-heels-toronto/index.html[22m [2m(+6ms)[22m 
[2m15:16:02[22m   [34m├─[39m [2m/splatter-effect-wrap-etobicoke/index.html[22m [2m(+5ms)[22m 
[2m15:16:02[22m   [34m├─[39m [2m/red-racing-stripes-vinyl-wrap/index.html[22m [2m(+8ms)[22m 
[2m15:16:02[22m   [34m├─[39m [2m/car-lettering-avery-dennison-toyota-matrix/index.html[22m [2m(+8ms)[22m 
[2m15:16:02[22m   [34m├─[39m [2m/bicycle-wrap-vinyl-wrap-toronto/index.html[22m [2m(+5ms)[22m 
[2m15:16:02[22m   [34m├─[39m [2m/scooter-wrap-vinyl-etobicoke/index.html[22m [2m(+6ms)[22m 
[2m15:16:02[22m   [34m├─[39m [2m/ford-mustang-car-wrap/index.html[22m [2m(+10ms)[22m 
[2m15:16:02[22m   [34m├─[39m [2m/wall-wrap-toronto/index.html[22m [2m(+5ms)[22m 
[2m15:16:02[22m   [34m├─[39m [2m/range-rover-car-wrap/index.html[22m [2m(+32ms)[22m 
[2m15:16:02[22m   [34m├─[39m [2m/motorcycle-tank-wrap/index.html[22m [2m(+8ms)[22m 
[2m15:16:02[22m   [34m├─[39m [2m/car-wrap-colour-change-acura/index.html[22m [2m(+6ms)[22m 
[2m15:16:02[22m   [34m├─[39m [2m/decals-subaru-gta/index.html[22m [2m(+11ms)[22m 
[2m15:16:02[22m   [34m├─[39m [2m/nusens-tv-box-vinyl-equipment-wrap/index.html[22m [2m(+5ms)[22m 
[2m15:16:02[22m   [34m├─[39m [2m/truck-vinyl-wrap-toronto/index.html[22m [2m(+6ms)[22m 
[2m15:16:02[22m   [34m├─[39m [2m/stickerspartial-or-full-wraps/index.html[22m [2m(+8ms)[22m 
[2m15:16:02[22m   [34m├─[39m [2m/full-wrap-jewel-radio/index.html[22m [2m(+10ms)[22m 
[2m15:16:02[22m   [34m├─[39m [2m/vinyl-wrap-facts-information/index.html[22m [2m(+10ms)[22m 
[2m15:16:02[22m   [34m├─[39m [2m/rock-bottom-full-truck-wrap/index.html[22m [2m(+7ms)[22m 
[2m15:16:02[22m   [34m├─[39m [2m/vinyl-window-signs-fitness365/index.html[22m [2m(+7ms)[22m 
[2m15:16:02[22m   [34m├─[39m [2m/kona-nusens-vinyl-car-wrap/index.html[22m [2m(+7ms)[22m 
[2m15:16:02[22m   [34m├─[39m [2m/full-vinyl-remove-ford-e-150/index.html[22m [2m(+12ms)[22m 
[2m15:16:02[22m   [34m├─[39m [2m/nusens-decals-van-ford-transit/index.html[22m [2m(+9ms)[22m 
[2m15:16:02[22m   [34m├─[39m [2m/golf-cart-vinyl-equipment-wrap/index.html[22m [2m(+15ms)[22m 
[2m15:16:02[22m   [34m├─[39m [2m/metro-jet-wash-vinyl-partial-car-wrap/index.html[22m [2m(+5ms)[22m 
[2m15:16:02[22m   [34m├─[39m [2m/aeropark-ford-transit-van-decals/index.html[22m [2m(+10ms)[22m 
[2m15:16:02[22m   [34m├─[39m [2m/coolcheck-mercedes-partial-van-wrap/index.html[22m [2m(+6ms)[22m 
[2m15:16:02[22m   [34m├─[39m [2m/bambam-construction-full-truck-wrap/index.html[22m [2m(+9ms)[22m 
[2m15:16:02[22m   [34m├─[39m [2m/ducati-bike-vinyl-wrap/index.html[22m [2m(+10ms)[22m 
[2m15:16:02[22m   [34m├─[39m [2m/home-free-nissan-van-vinyl-decals/index.html[22m [2m(+12ms)[22m 
[2m15:16:02[22m   [34m├─[39m [2m/lift-equipment-wrap-nusens/index.html[22m [2m(+6ms)[22m 
[2m15:16:02[22m   [34m├─[39m [2m/dps-vinyl-decals/index.html[22m [2m(+7ms)[22m 
[2m15:16:03[22m   [34m├─[39m [2m/partial-van-wrap-zuccarini-ram-promaster/index.html[22m [2m(+7ms)[22m 
[2m15:16:03[22m   [34m├─[39m [2m/kawasaki-ninja-zx-10r-full-bike-wrap/index.html[22m [2m(+16ms)[22m 
[2m15:16:03[22m   [34m├─[39m [2m/surgically-clean-air-vehicle-decals/index.html[22m [2m(+6ms)[22m 
[2m15:16:03[22m   [34m├─[39m [2m/fuso-full-truck-wrap/index.html[22m [2m(+5ms)[22m 
[2m15:16:03[22m   [34m├─[39m [2m/grasshopper-partial-wrap/index.html[22m [2m(+5ms)[22m 
[2m15:16:03[22m   [34m├─[39m [2m/equipment-wrap-random-items-wrapped/index.html[22m [2m(+13ms)[22m 
[2m15:16:03[22m   [34m├─[39m [2m/past-truck-decals/index.html[22m [2m(+9ms)[22m 
[2m15:16:03[22m   [34m├─[39m [2m/savannah-coolcheck-van-decals/index.html[22m [2m(+8ms)[22m 
[2m15:16:03[22m   [34m├─[39m [2m/exotic-car-wraps-avery-dennison/index.html[22m [2m(+13ms)[22m 
[2m15:16:03[22m   [34m├─[39m [2m/ford-f-150-truck-decals-nusens-vinyl/index.html[22m [2m(+12ms)[22m 
[2m15:16:03[22m   [34m├─[39m [2m/vinyl-stickers-and-decals/index.html[22m [2m(+7ms)[22m 
[2m15:16:03[22m   [34m├─[39m [2m/aeroparks-vinyl-parking-signs/index.html[22m [2m(+5ms)[22m 
[2m15:16:03[22m   [34m├─[39m [2m/caravan-decals-surgically-clean-air/index.html[22m [2m(+8ms)[22m 
[2m15:16:03[22m   [34m├─[39m [2m/nissan-van-decals-home-free/index.html[22m [2m(+12ms)[22m 
[2m15:16:03[22m   [34m├─[39m [2m/shack-shine-ford-connect-full-van-wrap/index.html[22m [2m(+7ms)[22m 
[2m15:16:03[22m   [34m├─[39m [2m/trade-show-signs-rockbottom/index.html[22m [2m(+5ms)[22m 
[2m15:16:03[22m   [34m├─[39m [2m/chevrolet-silverado-bumper-wrap-matte-black/index.html[22m [2m(+5ms)[22m 
[2m15:16:03[22m   [34m├─[39m [2m/health-safety-signage-board-menu-signage/index.html[22m [2m(+11ms)[22m 
[2m15:16:03[22m   [34m├─[39m [2m/supra-full-boat-wrap-3m-recreational/index.html[22m [2m(+11ms)[22m 
[2m15:16:03[22m   [34m├─[39m [2m/mercedes-black-satin-full-car-wrap/index.html[22m [2m(+23ms)[22m 
[2m15:16:03[22m   [34m├─[39m [2m/ford-falcon-roof-wrap/index.html[22m [2m(+5ms)[22m 
[2m15:16:03[22m   [34m├─[39m [2m/food-delivery-vehicles/index.html[22m [2m(+6ms)[22m 
[2m15:16:03[22m   [34m├─[39m [2m/mobile-business-wrap-advertising/index.html[22m [2m(+8ms)[22m 
[2m15:16:03[22m   [34m├─[39m [2m/mobile-advertising-vinyl-wraps/index.html[22m [2m(+6ms)[22m 
[2m15:16:03[22m   [34m├─[39m [2m/summer-bike-motorcycle-wraps/index.html[22m [2m(+7ms)[22m 
[2m15:16:03[22m   [34m├─[39m [2m/wall-decals/index.html[22m [2m(+9ms)[22m 
[2m15:16:03[22m   [34m├─[39m [2m/full-car-wrap-metallic-charcoal/index.html[22m [2m(+8ms)[22m 
[2m15:16:03[22m   [34m├─[39m [2m/racing-stripes-vinyl-wrap-toronto/index.html[22m [2m(+7ms)[22m 
[2m15:16:03[22m   [34m├─[39m [2m/bmw-r1200-bike-wrap/index.html[22m [2m(+15ms)[22m 
[2m15:16:03[22m   [34m├─[39m [2m/coyote-head-decals-mustang/index.html[22m [2m(+8ms)[22m 
[2m15:16:03[22m   [34m├─[39m [2m/complete-vinyl-unwrap-porsche-cayman/index.html[22m [2m(+8ms)[22m 
[2m15:16:03[22m   [34m├─[39m [2m/vinyl-vehicle-tesla-wrap-chrome-trim-wrap/index.html[22m [2m(+28ms)[22m 
[2m15:16:03[22m   [34m├─[39m [2m/full-golf-cart-wrap/index.html[22m [2m(+5ms)[22m 
[2m15:16:03[22m   [34m├─[39m [2m/stratos-boat-wrap/index.html[22m [2m(+7ms)[22m 
[2m15:16:03[22m   [34m├─[39m [2m/mustang-car-wrap-white-stripes/index.html[22m [2m(+5ms)[22m 
[2m15:16:03[22m   [34m├─[39m [2m/truck-wrap-toronto-vinyl-wrap-toronto/index.html[22m [2m(+5ms)[22m 
[2m15:16:03[22m   [34m├─[39m [2m/benefits-of-vehicle-wrap/index.html[22m [2m(+7ms)[22m 
[2m15:16:03[22m   [34m├─[39m [2m/protect-your-vinyl-vehicle-wrap/index.html[22m [2m(+8ms)[22m 
[2m15:16:03[22m   [34m├─[39m [2m/benefits-of-vehicle-decals/index.html[22m [2m(+7ms)[22m 
[2m15:16:03[22m   [34m├─[39m [2m/simpsons-guitar-wrap/index.html[22m [2m(+5ms)[22m 
[2m15:16:03[22m   [34m├─[39m [2m/personal-vehicle-wrap-vwt/index.html[22m [2m(+18ms)[22m 
[2m15:16:03[22m   [34m├─[39m [2m/boat-wrap-benefits-baja-38-toronto/index.html[22m [2m(+6ms)[22m 
[2m15:16:03[22m   [34m├─[39m [2m/hyundai-veloster-2016-car-wrap-purple/index.html[22m [2m(+6ms)[22m 
[2m15:16:03[22m   [34m├─[39m [2m/paolos-porsche-macan-2016-full/index.html[22m [2m(+27ms)[22m 
[2m15:16:03[22m   [34m├─[39m [2m/weird-object-wraps-vinyl-wrap-toronto/index.html[22m [2m(+6ms)[22m 
[2m15:16:03[22m   [34m├─[39m [2m/caas-hino-258-truck-decals/index.html[22m [2m(+8ms)[22m 
[2m15:16:03[22m   [34m├─[39m [2m/personal-trailer-vinyl-wrap-toronto/index.html[22m [2m(+8ms)[22m 
[2m15:16:03[22m   [34m├─[39m [2m/infiniti-fx50-carbon-fibre-car-wrap/index.html[22m [2m(+7ms)[22m 
[2m15:16:03[22m   [34m├─[39m [2m/personal-ford-f100-vehicle-decals/index.html[22m [2m(+5ms)[22m 
[2m15:16:03[22m   [34m├─[39m [2m/smart-car-fortwo-full-wrap-3m/index.html[22m [2m(+9ms)[22m 
[2m15:16:03[22m   [34m├─[39m [2m/dodge-grand-caravan-2011-vehicle-decals/index.html[22m [2m(+6ms)[22m 
[2m15:16:03[22m   [34m├─[39m [2m/van-wrap-vs-other-marketing-tactics/index.html[22m [2m(+16ms)[22m 
[2m15:16:03[22m   [34m├─[39m [2m/tesla-model-3-2020-full-wrap-satin-black/index.html[22m [2m(+16ms)[22m 
[2m15:16:03[22m   [34m├─[39m [2m/2-tone-stripes-ford-mustang-avery-3m/index.html[22m [2m(+7ms)[22m 
[2m15:16:03[22m   [34m├─[39m [2m/vehicle-decals-mercedes-sprinter-bluetec/index.html[22m [2m(+15ms)[22m 
[2m15:16:03[22m   [34m├─[39m [2m/rv-custom-full-wrap-vinyl-wrap-toronto/index.html[22m [2m(+8ms)[22m 
[2m15:16:03[22m   [34m├─[39m [2m/the-baobab-project-bike-charity/index.html[22m [2m(+8ms)[22m 
[2m15:16:03[22m   [34m├─[39m [2m/audi-a4-sand-wrap-vinyl-wrap-toronto/index.html[22m [2m(+6ms)[22m 
[2m15:16:03[22m   [34m├─[39m [2m/mazda-miata-1990-personal-full-wrap/index.html[22m [2m(+8ms)[22m 
[2m15:16:03[22m   [34m├─[39m [2m/chrome-delete-mercedes-cla250-gloss-black/index.html[22m [2m(+6ms)[22m 
[2m15:16:03[22m   [34m├─[39m [2m/truck-decals-lettering-in-toronto/index.html[22m [2m(+6ms)[22m 
[2m15:16:03[22m   [34m├─[39m [2m/volkswagen-beetle-cinderella-themed-wrap/index.html[22m [2m(+8ms)[22m 
[2m15:16:03[22m   [34m├─[39m [2m/chevrolet-silverado-truck-decals-gta/index.html[22m [2m(+6ms)[22m 
[2m15:16:03[22m   [34m├─[39m [2m/motorcycle-naruto-decals-kawasaki-ninja/index.html[22m [2m(+12ms)[22m 
[2m15:16:03[22m   [34m├─[39m [2m/smart-car-fortwo-vehicle-decals-blue/index.html[22m [2m(+17ms)[22m 
[2m15:16:03[22m   [34m├─[39m [2m/honda-civic-2010-vinyl-wrap-toronto/index.html[22m [2m(+6ms)[22m 
[2m15:16:03[22m   [34m├─[39m [2m/mini-cooper-hardtop-dragon-decal/index.html[22m [2m(+20ms)[22m 
[2m15:16:03[22m   [34m├─[39m [2m/ford-transit-passenger-250-decals-klick/index.html[22m [2m(+12ms)[22m 
[2m15:16:03[22m   [34m├─[39m [2m/tips-full-truck-wrap-freighliner-decals/index.html[22m [2m(+6ms)[22m 
[2m15:16:03[22m   [34m├─[39m [2m/volvo-xc90-stripes-vehicle-wrap-in-gta/index.html[22m [2m(+6ms)[22m 
[2m15:16:03[22m   [34m├─[39m [2m/mercedes-sprinter-2500-best-truck-decals/index.html[22m [2m(+8ms)[22m 
[2m15:16:03[22m   [34m├─[39m [2m/volkswagen-beetle-tips-for-interior-pcs/index.html[22m [2m(+5ms)[22m 
[2m15:16:03[22m   [34m├─[39m [2m/promo-wrap-boost-real-estate-business/index.html[22m [2m(+6ms)[22m 
[2m15:16:03[22m   [34m├─[39m [2m/ford-mustang-2019-racing-stripes-toronto/index.html[22m [2m(+16ms)[22m 
[2m15:16:03[22m   [34m├─[39m [2m/nissan-rogue-2014-full-vinyl-wrap/index.html[22m [2m(+6ms)[22m 
[2m15:16:03[22m   [34m├─[39m [2m/nissan-nv2500-van-wrap-car-wrap-toronto/index.html[22m [2m(+5ms)[22m 
[2m15:16:03[22m   [34m├─[39m [2m/nissan-juke-2016-decals-3m-toronto/index.html[22m [2m(+16ms)[22m 
[2m15:16:03[22m   [34m├─[39m [2m/mercedes-gle-350d-racing-stripes/index.html[22m [2m(+15ms)[22m 
[2m15:16:03[22m   [34m├─[39m [2m/dodge-caravan-full-van-wrap-rockbottom/index.html[22m [2m(+9ms)[22m 
[2m15:16:03[22m   [34m├─[39m [2m/hepcure-chevrolet-ambulance-full-wrap/index.html[22m [2m(+13ms)[22m 
[2m15:16:03[22m   [34m├─[39m [2m/dodge-caravan-2020-decals-salvation-army/index.html[22m [2m(+5ms)[22m 
[2m15:16:03[22m   [34m├─[39m [2m/vehicle-unwraps-your-guide-to-safe-unwrap/index.html[22m [2m(+5ms)[22m 
[2m15:16:03[22m   [34m├─[39m [2m/mercedes-c300-chrome-deletes/index.html[22m [2m(+8ms)[22m 
[2m15:16:03[22m   [34m├─[39m [2m/club-car-golf-cart-custom-full-wrap-gta/index.html[22m [2m(+5ms)[22m 
[2m15:16:03[22m   [34m├─[39m [2m/audi-a5-decals-vinyl-stickers-avery/index.html[22m [31m(+840ms)[39m 
[2m15:16:04[22m   [34m├─[39m [2m/ford-f-250-commercial-truck-decals-gecl/index.html[22m [2m(+8ms)[22m 
[2m15:16:04[22m   [34m├─[39m [2m/chevrolet-express-2010-full-van-wrap-rb/index.html[22m [2m(+14ms)[22m 
[2m15:16:04[22m   [34m├─[39m [2m/honda-odyssey-van-decals-yachtmens/index.html[22m [2m(+5ms)[22m 
[2m15:16:04[22m   [34m├─[39m [2m/top-5-full-car-wraps-vinyl-wrap-toronto/index.html[22m [2m(+6ms)[22m 
[2m15:16:04[22m   [34m├─[39m [2m/van-decals-lettering-dodge-caravan-iandj/index.html[22m [2m(+6ms)[22m 
[2m15:16:04[22m   [34m├─[39m [2m/dodge-ram-1500-commercial-truck-decals/index.html[22m [2m(+5ms)[22m 
[2m15:16:04[22m   [34m├─[39m [2m/ram-promaster-cargo-van-partial-wrap/index.html[22m [2m(+9ms)[22m 
[2m15:16:04[22m   [34m├─[39m [2m/ford-transit-full-van-wrap-kick-n-tech/index.html[22m [2m(+5ms)[22m 
[2m15:16:04[22m   [34m├─[39m [2m/ford-transit-connect-minivan-decals/index.html[22m [2m(+5ms)[22m 
[2m15:16:04[22m   [34m├─[39m [2m/company-fleet-vehicle-decals-b-e-const/index.html[22m [2m(+6ms)[22m 
[2m15:16:04[22m   [34m├─[39m [2m/680-news-full-car-wrap-toyota-highlander/index.html[22m [2m(+10ms)[22m 
[2m15:16:04[22m   [34m├─[39m [2m/lexus-sc430-coupe-full-wrap/index.html[22m [2m(+45ms)[22m 
[2m15:16:04[22m   [34m├─[39m [2m/ford-f150-commercial-truck-decals/index.html[22m [2m(+8ms)[22m 
[2m15:16:04[22m   [34m├─[39m [2m/fleet-truck-decals-goodmen-corporation/index.html[22m [2m(+6ms)[22m 
[2m15:16:04[22m   [34m├─[39m [2m/car-wrap-5-questions-to-ask-wrap-company/index.html[22m [2m(+5ms)[22m 
[2m15:16:04[22m   [34m├─[39m [2m/car-wrap-how-we-do-it-at-vwt/index.html[22m [2m(+6ms)[22m 
[2m15:16:04[22m   [34m├─[39m [2m/crestliner-2007-full-boat-wrap/index.html[22m [2m(+6ms)[22m 
[2m15:16:04[22m   [34m├─[39m [2m/5-secrets-to-a-perfect-car-wrap-vwt/index.html[22m [2m(+8ms)[22m 
[2m15:16:04[22m   [34m├─[39m [2m/disposal-bin-custom-vinyl-wrap/index.html[22m [2m(+8ms)[22m 
[2m15:16:04[22m   [34m├─[39m [2m/why-choose-fleet-decals-and-lettering/index.html[22m [2m(+7ms)[22m 
[2m15:16:04[22m   [34m├─[39m [2m/ford-transit-150-xlt-2019-decals-pw/index.html[22m [2m(+8ms)[22m 
[2m15:16:04[22m   [34m├─[39m [2m/chevy-blazer-2019-colour-change-uw/index.html[22m [2m(+5ms)[22m 
[2m15:16:04[22m   [34m├─[39m [2m/ford-transit-2018-decals-and-lettering/index.html[22m [2m(+6ms)[22m 
[2m15:16:04[22m   [34m├─[39m [2m/object-vinyl-wraps-personalize-objects/index.html[22m [2m(+6ms)[22m 
[2m15:16:04[22m   [34m├─[39m [2m/rb-ford-transit-2020-commercial-wrap/index.html[22m [2m(+38ms)[22m 
[2m15:16:04[22m   [34m├─[39m [2m/diy-vs-professionally-installed-stripes-kits/index.html[22m [2m(+7ms)[22m 
[2m15:16:04[22m   [34m├─[39m [2m/hyundai-tuscan-partial-car-wrap/index.html[22m [2m(+15ms)[22m 
[2m15:16:04[22m   [34m├─[39m [2m/celebrate-pride-2021-with-car-wraps/index.html[22m [2m(+7ms)[22m 
[2m15:16:04[22m   [34m├─[39m [2m/top-5-vehicle-wrap-fails-2021/index.html[22m [2m(+6ms)[22m 
[2m15:16:04[22m   [34m├─[39m [2m/dodge-promaster-full-vinyl-wrap/index.html[22m [2m(+5ms)[22m 
[2m15:16:04[22m   [34m├─[39m [2m/glacier-bay-full-boat-wrap-fishscale/index.html[22m [2m(+11ms)[22m 
[2m15:16:04[22m   [34m├─[39m [2m/dodge-challenger-colour-change-wrap/index.html[22m [2m(+6ms)[22m 
[2m15:16:04[22m   [34m├─[39m [2m/car-wrap-hyundai-elantra-vinyl-wrap-toronto/index.html[22m [2m(+7ms)[22m 
[2m15:16:04[22m   [34m├─[39m [2m/boost-your-branding-game-vinyl-decals/index.html[22m [2m(+7ms)[22m 
[2m15:16:04[22m   [34m├─[39m [2m/types-of-vehicle-wraps-for-businesses/index.html[22m [2m(+6ms)[22m 
[2m15:16:04[22m   [34m├─[39m [2m/top-6-dos-and-donts-of-vehicle-wraps/index.html[22m [2m(+6ms)[22m 
[2m15:16:04[22m   [34m├─[39m [2m/how-vinyl-wrap-can-protect-your-vehicle/index.html[22m [2m(+35ms)[22m 
[2m15:16:04[22m   [34m├─[39m [2m/guide-to-car-branding-vinyl-wrap-toronto/index.html[22m [2m(+6ms)[22m 
[2m15:16:04[22m   [34m├─[39m [2m/5-reasons-your-car-wrap-isnt-bringing-sales/index.html[22m [2m(+8ms)[22m 
[2m15:16:04[22m   [34m├─[39m [2m/trailer-wrap-gateway-vinyl-wrap-toronto/index.html[22m [2m(+8ms)[22m 
[2m15:16:05[22m   [34m├─[39m [2m/trailer-wraps-decals-nusens/index.html[22m [2m(+6ms)[22m 
[2m15:16:05[22m   [34m├─[39m [2m/custom-trailer-decals-lettering/index.html[22m [2m(+5ms)[22m 
[2m15:16:05[22m   [34m├─[39m [2m/custom-decals-park-bark-vinyl-wrap-toronto/index.html[22m [2m(+10ms)[22m 
[2m15:16:05[22m   [34m├─[39m [2m/full-trailer-wrap-canada-drives/index.html[22m [2m(+11ms)[22m 
[2m15:16:05[22m   [34m├─[39m [2m/trailer-decals-brothers-hoisting-ltd-vinyl-wrap-toronto/index.html[22m [2m(+7ms)[22m 
[2m15:16:05[22m   [34m├─[39m [2m/custom-decals-lettering-ford-f-series-apex/index.html[22m [2m(+6ms)[22m 
[2m15:16:05[22m   [34m├─[39m [2m/custom-decals-on-black-ford-f-series-apex/index.html[22m [2m(+5ms)[22m 
[2m15:16:05[22m   [34m├─[39m [2m/hepcure-ambulance-full-wrap/index.html[22m [2m(+6ms)[22m 
[2m15:16:05[22m   [34m├─[39m [2m/pickup-truck-decals-apex-construction/index.html[22m [2m(+36ms)[22m 
[2m15:16:05[22m   [34m├─[39m [2m/top-6-benefits-of-vinyl-wraps-gmc-wrap-in-gta/index.html[22m [2m(+6ms)[22m 
[2m15:16:05[22m   [34m├─[39m [2m/magcor-car-decals-lettering-vwt/index.html[22m [2m(+8ms)[22m 
[2m15:16:05[22m   [34m├─[39m [2m/morgan-1966-classic-car-partial-wrap/index.html[22m [2m(+5ms)[22m 
[2m15:16:05[22m   [34m├─[39m [2m/creative-integrity-ford-f150-car-graphics/index.html[22m [2m(+5ms)[22m 
[2m15:16:05[22m   [34m├─[39m [2m/audi-q5-custom-car-decals/index.html[22m [2m(+7ms)[22m 
[2m15:16:05[22m   [34m├─[39m [2m/quality-promotional-pickup-truck-decals-gta/index.html[22m [2m(+9ms)[22m 
[2m15:16:05[22m   [34m├─[39m [2m/partial-truck-wrap-graphics-dodge-ram-1500/index.html[22m [2m(+8ms)[22m 
[2m15:16:05[22m   [34m├─[39m [2m/commercial-pickup-truck-wraps-in-toronto/index.html[22m [2m(+8ms)[22m 
[2m15:16:05[22m   [34m├─[39m [2m/full-body-truck-wrap-rock-bottom-underpinning/index.html[22m [2m(+5ms)[22m 
[2m15:16:05[22m   [34m├─[39m [2m/infiniti-x50-personal-partial-suv-wrap/index.html[22m [2m(+6ms)[22m 
[2m15:16:05[22m   [34m├─[39m [2m/pickup-truck-3m-carbon-fiber-wrap/index.html[22m [2m(+7ms)[22m 
[2m15:16:05[22m   [34m├─[39m [2m/car-hood-carbon-fibre-wrap-premium-quality/index.html[22m [2m(+29ms)[22m 
[2m15:16:05[22m   [34m├─[39m [2m/motorcycle-carbon-fiber-wrap-kawasaki-ninja/index.html[22m [2m(+7ms)[22m 
[2m15:16:05[22m   [34m├─[39m [2m/mednow-smart-car-full-vinyl-wrap-avery/index.html[22m [2m(+7ms)[22m 
[2m15:16:05[22m   [34m├─[39m [2m/partial-wrap-sprinter-canada-profi-lubricants/index.html[22m [2m(+6ms)[22m 
[2m15:16:05[22m   [34m├─[39m [2m/vehicle-wrap-trends-2022/index.html[22m [2m(+5ms)[22m 
[2m15:16:05[22m   [34m├─[39m [2m/benefits-of-fleet-wraps-avery-3m-vinyl-wraps/index.html[22m [2m(+9ms)[22m 
[2m15:16:05[22m   [34m├─[39m [2m/decals-ford-e150-custom-wraps-in-toronto/index.html[22m [2m(+19ms)[22m 
[2m15:16:05[22m   [34m├─[39m [2m/decals-for-ford-bronco-custom-wraps-toronto/index.html[22m [2m(+6ms)[22m 
[2m15:16:05[22m   [34m├─[39m [2m/decals-for-mercedes-metris-custom-wraps/index.html[22m [2m(+8ms)[22m 
[2m15:16:05[22m   [34m├─[39m [2m/decals-chevy-silverado-avery-360-demolition/index.html[22m [2m(+6ms)[22m 
[2m15:16:05[22m   [34m├─[39m [2m/red-vampire-and-gloss-black-3m-decals-acura/index.html[22m [2m(+5ms)[22m 
[2m15:16:05[22m   [34m├─[39m [2m/decals-ford-f150-avery-aiden-equipment-rental/index.html[22m [2m(+6ms)[22m 
[2m15:16:05[22m   [34m├─[39m [2m/decals-dodge-grand-caravan-attard-plumbing/index.html[22m [2m(+10ms)[22m 
[2m15:16:05[22m   [34m├─[39m [2m/lettering-decals-chevy-silverado-3m-bambam/index.html[22m [2m(+27ms)[22m 
[2m15:16:05[22m   [34m├─[39m [2m/partial-wrap-chevy-truck-avery-brians-masonry/index.html[22m [2m(+6ms)[22m 
[2m15:16:05[22m   [34m├─[39m [2m/partial-wrap-ram-1500-avery-anchor-experts/index.html[22m [2m(+5ms)[22m 
[2m15:16:05[22m   [34m├─[39m [2m/custom-vinyl-lettering-nv200-no-more-laundry/index.html[22m [2m(+7ms)[22m 
[2m15:16:05[22m   [34m├─[39m [2m/lettering-decal-avery-dennison-3m-northwest/index.html[22m [2m(+8ms)[22m 
[2m15:16:05[22m   [34m├─[39m [2m/ford-f-150-decals-and-lettering-in-toronto/index.html[22m [2m(+14ms)[22m 
[2m15:16:05[22m   [34m├─[39m [2m/custom-decals-for-chevy-silverado/index.html[22m [2m(+6ms)[22m 
[2m15:16:05[22m   [34m├─[39m [2m/custom-decal-stickers-ram-1500-cansky-roofing/index.html[22m [2m(+6ms)[22m 
[2m15:16:05[22m   [34m├─[39m [2m/cool-check-japanese-pickup-truck-full-wrap/index.html[22m [2m(+6ms)[22m 
[2m15:16:05[22m   [34m├─[39m [2m/promotional-decals-for-nissan-nv200/index.html[22m [2m(+11ms)[22m 
[2m15:16:05[22m   [34m├─[39m [2m/ford-connect-3m-lettering-and-decals/index.html[22m [2m(+6ms)[22m 
[2m15:16:05[22m   [34m├─[39m [2m/mercedes-benz-b250-commercial-decals/index.html[22m [2m(+11ms)[22m 
[2m15:16:05[22m   [34m├─[39m [2m/ford-transit-promotional-decals-perfecta/index.html[22m [2m(+22ms)[22m 
[2m15:16:05[22m   [34m├─[39m [2m/audi-q5-promotional-vinyl-decals/index.html[22m [2m(+10ms)[22m 
[2m15:16:05[22m   [34m├─[39m [2m/toyota-rav4-full-vinyl-wrap-for-joy-radio/index.html[22m [2m(+6ms)[22m 
[2m15:16:05[22m   [34m├─[39m [2m/trailer-lettering-and-decals-for-holistic/index.html[22m [2m(+7ms)[22m 
[2m15:16:05[22m   [34m├─[39m [2m/ford-transit-commercial-lettering-and-decals/index.html[22m [2m(+11ms)[22m 
[2m15:16:05[22m   [34m├─[39m [2m/tesla-model-3-real-estate-vinyl-wraps/index.html[22m [2m(+12ms)[22m 
[2m15:16:05[22m   [34m├─[39m [2m/top-8-maintenance-tips-for-vehicle-wraps/index.html[22m [2m(+7ms)[22m 
[2m15:16:05[22m   [34m├─[39m [2m/benefits-of-vinyl-wraps-for-real-estate/index.html[22m [2m(+9ms)[22m 
[2m15:16:05[22m   [34m├─[39m [2m/matte-black-wraps-in-toronto/index.html[22m [2m(+6ms)[22m 
[2m15:16:05[22m   [34m├─[39m [2m/3m-vinyl-wraps/index.html[22m [2m(+7ms)[22m 
[2m15:16:05[22m   [34m├─[39m [2m/custom-car-wraps/index.html[22m [2m(+20ms)[22m 
[2m15:16:05[22m   [34m├─[39m [2m/custom-signage-in-toronto/index.html[22m [2m(+27ms)[22m 
[2m15:16:05[22m   [34m├─[39m [2m/car-colour-wrap-the-ultimate-guide/index.html[22m [2m(+6ms)[22m 
[2m15:16:05[22m   [34m├─[39m [2m/audi-q5-full-colour-change-wrap/index.html[22m [2m(+5ms)[22m 
[2m15:16:05[22m   [34m├─[39m [2m/boat-wraps-guide/index.html[22m [2m(+6ms)[22m 
[2m15:16:05[22m   [34m├─[39m [2m/motorcycle-wraps-guide/index.html[22m [2m(+6ms)[22m 
[2m15:16:05[22m   [34m├─[39m [2m/camo-car-wraps-at-vwt/index.html[22m [2m(+5ms)[22m 
[2m15:16:05[22m   [34m├─[39m [2m/custom-vending-machine-wraps-toronto/index.html[22m [2m(+11ms)[22m 
[2m15:16:05[22m   [34m├─[39m [2m/ford-f-350-decals-for-humblewood-homes/index.html[22m [2m(+5ms)[22m 
[2m15:16:05[22m   [34m├─[39m [2m/mercedes-sprinter-partial-wrap-vmb-group/index.html[22m [2m(+8ms)[22m 
[2m15:16:05[22m   [34m├─[39m [2m/custom-helmet-wraps-toronto-savio/index.html[22m [2m(+8ms)[22m 
[2m15:16:05[22m   [34m├─[39m [2m/harley-davidson-motorcycle-wrap-toronto/index.html[22m [2m(+5ms)[22m 
[2m15:16:05[22m   [34m├─[39m [2m/custom-go-cart-wrap-cristian-zani/index.html[22m [2m(+18ms)[22m 
[2m15:16:05[22m   [34m├─[39m [2m/mercedes-e350-colour-change-satin-key-west/index.html[22m [2m(+30ms)[22m 
[2m15:16:05[22m   [34m├─[39m [2m/gen-11-borealis-wrap-at-university-of-toronto/index.html[22m [2m(+5ms)[22m 
[2m15:16:05[22m   [34m├─[39m [2m/steps-for-diy-decal-installation-ford-f-150/index.html[22m [2m(+7ms)[22m 
[2m15:16:05[22m   [34m├─[39m [2m/ford-f-150-promotional-decals-castlegrove/index.html[22m [2m(+5ms)[22m 
[2m15:16:05[22m   [34m├─[39m [2m/mercedes-sprinter-van-decals-for-smart-way/index.html[22m [2m(+5ms)[22m 
[2m15:16:05[22m   [34m├─[39m [2m/golf-cart-wraps-custom-and-colour-change/index.html[22m [2m(+6ms)[22m 
[2m15:16:05[22m   [34m├─[39m [2m/renault-van-wrap-for-stage-21-custom-wraps/index.html[22m [2m(+9ms)[22m 
[2m15:16:05[22m   [34m├─[39m [2m/full-car-wrap-for-professional-roofers/index.html[22m [2m(+8ms)[22m 
[2m15:16:05[22m   [34m├─[39m [2m/chevy-silverado-full-wrap-for-hungarock/index.html[22m [2m(+6ms)[22m 
[2m15:16:05[22m   [34m├─[39m [2m/box-truck-wrap-in-toronto-atm-systems/index.html[22m [2m(+9ms)[22m 
[2m15:16:05[22m   [34m├─[39m [2m/custom-van-wraps-for-paint-pros-fleet/index.html[22m [2m(+7ms)[22m 
[2m15:16:05[22m   [34m├─[39m [2m/full-wrap-for-owen-tippetts-mercedes/index.html[22m [2m(+30ms)[22m 
[2m15:16:05[22m   [34m├─[39m [2m/red-bull-mini-fridge-wrap-bronze-brushed/index.html[22m [2m(+10ms)[22m 
[2m15:16:05[22m   [34m├─[39m [2m/ram-1500-pickup-truck-vinyl-stripes-decals/index.html[22m [2m(+5ms)[22m 
[2m15:16:05[22m   [34m├─[39m [2m/nissan-nv2500-partial-wrap-rhodium-demolition/index.html[22m [2m(+6ms)[22m 
[2m15:16:05[22m   [34m├─[39m [2m/salwas-jeep-wrangler-custom-full-wrap/index.html[22m [2m(+5ms)[22m 
[2m15:16:05[22m   [34m├─[39m [2m/gmc-sierra-truck-decals-for-vieira-tile-style/index.html[22m [2m(+5ms)[22m 
[2m15:16:05[22m   [34m├─[39m [2m/front-bumper-stickers-to-cover-up-scratch/index.html[22m [2m(+10ms)[22m 
[2m15:16:05[22m   [34m├─[39m [2m/warmmm-ram-1500-the-ultimate-truck-wrap/index.html[22m [2m(+10ms)[22m 
[2m15:16:05[22m   [34m├─[39m [2m/ford-van-wrap-for-gurms-garage/index.html[22m [2m(+9ms)[22m 
[2m15:16:05[22m   [34m├─[39m [2m/vibrant-custom-full-wrap-helmet/index.html[22m [2m(+7ms)[22m 
[2m15:16:05[22m   [34m├─[39m [2m/custom-tesla-model-s-vinyl-wrap/index.html[22m [2m(+8ms)[22m 
[2m15:16:05[22m   [34m├─[39m [2m/toyota-sienna-custom-vinyl-wrap/index.html[22m [2m(+5ms)[22m 
[2m15:16:05[22m   [34m├─[39m [2m/boat-decals-vibrant-and-specialized/index.html[22m [2m(+19ms)[22m 
[2m15:16:05[22m   [34m├─[39m [2m/bmw-vinyl-wrap-bold-red-transformation/index.html[22m [2m(+5ms)[22m 
[2m15:16:05[22m   [34m├─[39m [2m/pink-partial-wrap-on-2024-cadillac-escalade/index.html[22m [2m(+16ms)[22m 
[2m15:16:05[22m   [34m├─[39m [2m/matte-blue-tesla-model-y-full-wrap/index.html[22m [2m(+9ms)[22m 
[2m15:16:05[22m   [34m├─[39m [2m/vibrant-mazda-mx-5-vinyl-wrap-for-client/index.html[22m [2m(+9ms)[22m 
[2m15:16:05[22m   [34m├─[39m [2m/vibrant-custom-vehicle-decals-for-a-pontiac-trans-am/index.html[22m [2m(+5ms)[22m 
[2m15:16:05[22m   [34m├─[39m [2m/clients-vibrant-helmet-partial-wrap/index.html[22m [2m(+11ms)[22m 
[2m15:16:05[22m   [34m├─[39m [2m/bold-motocross-helmet-partial-wrap/index.html[22m [2m(+6ms)[22m 
[2m15:16:05[22m   [34m├─[39m [2m/clients-bold-mercedes-s63-partial-wrap/index.html[22m [2m(+8ms)[22m 
[2m15:16:05[22m   [34m├─[39m [2m/welding-mask-full-wrap-lincoln-electric-3350/index.html[22m [2m(+5ms)[22m 
[2m15:16:05[22m   [34m├─[39m [2m/matte-black-tesla-wrap-sleek-custom-finish/index.html[22m [2m(+9ms)[22m 
[2m15:16:05[22m   [34m├─[39m [2m/customized-vibrant-speaker-box-wrap-for-client/index.html[22m [2m(+9ms)[22m 
[2m15:16:05[22m   [34m├─[39m [2m/apex-managements-dodge-durango-partial-wrap/index.html[22m [2m(+10ms)[22m 
[2m15:16:05[22m   [34m├─[39m [2m/vibrant-mercedes-sprinter-3500-truck-decals/index.html[22m [2m(+7ms)[22m 
[2m15:16:05[22m   [34m├─[39m [2m/bold-ford-transit-250-partial-wrap/index.html[22m [2m(+8ms)[22m 
[2m15:16:06[22m   [34m├─[39m [2m/ford-transit-350-decals-custom-designs/index.html[22m [2m(+11ms)[22m 
[2m15:16:06[22m   [34m├─[39m [2m/matte-gray-tesla-wrap-transformation/index.html[22m [2m(+8ms)[22m 
[2m15:16:06[22m   [34m├─[39m [2m/anime-inspired-nissan-gtr-wrap/index.html[22m [2m(+10ms)[22m 
[2m15:16:06[22m   [34m├─[39m [2m/metallic-wrap-mazda-cx-90-2024-le-satin-purple-vinyl/index.html[22m [2m(+9ms)[22m 
[2m15:16:06[22m   [34m├─[39m [2m/revamping-a-classic-chevrolet-chevy-van-g20-1989-get-away-camper-wrap-for-a-movie-set/index.html[22m [2m(+7ms)[22m 
[2m15:16:06[22m   [34m├─[39m [2m/making-history-our-first-tesla-cybertruck-2024-foundation-series-wrap-in-gloss-midnight-blue/index.html[22m [2m(+6ms)[22m 
[2m15:16:06[22m   [34m├─[39m [2m/tesla-model-s-transformed-glossy-black-to-satin-black-wrap-by-vinyl-wrap-toronto/index.html[22m [2m(+12ms)[22m 
[2m15:16:06[22m   [34m├─[39m [2m/revamping-a-dodge-ram-1500-hemi-with-custom-lettering-decals-stripes/index.html[22m [2m(+6ms)[22m 
[2m15:16:06[22m   [34m├─[39m [2m/transforming-a-smart-c451-with-a-full-satin-black-wrap/index.html[22m [2m(+17ms)[22m 
[2m15:16:06[22m   [34m├─[39m [2m/a-rock-inspired-transformation-custom-van-halen-inspired-wrap-for-a-dodge-ram-1500/index.html[22m [2m(+24ms)[22m 
[2m15:16:06[22m   [34m├─[39m [2m/guide-to-understanding-car-wrap-costs/index.html[22m [2m(+6ms)[22m 
[2m15:16:06[22m   [34m├─[39m [2m/truck-decals-toronto-guide/index.html[22m [2m(+7ms)[22m 
[2m15:16:06[22m   [34m├─[39m [2m/truck-wraps-toronto-vs-decals/index.html[22m [2m(+5ms)[22m 
[2m15:16:06[22m   [34m├─[39m [2m/custom-truck-decals-toronto/index.html[22m [2m(+5ms)[22m 
[2m15:16:06[22m   [34m├─[39m [2m/vehicle-advertising-toronto/index.html[22m [2m(+18ms)[22m 
[2m15:16:06[22m   [34m├─[39m [2m/truck-graphics-toronto/index.html[22m [2m(+8ms)[22m 
[2m15:16:06[22m   [34m├─[39m [2m/truck-advertising-toronto-small-business/index.html[22m [2m(+5ms)[22m 
[2m15:16:06[22m   [34m├─[39m [2m/vehicle-graphic-vw-golf-2019-lettering-decals/index.html[22m [2m(+7ms)[22m 
[2m15:16:06[22m   [34m├─[39m [2m/truck-decal-design-trends-2025-gta/index.html[22m [2m(+7ms)[22m 
[2m15:16:06[22m   [34m├─[39m [2m/custom-truck-decals-toronto-resale-value/index.html[22m [2m(+5ms)[22m 
[2m15:16:06[22m   [34m├─[39m [2m/food-truck-decals-toronto-branding/index.html[22m [2m(+12ms)[22m 
[2m15:16:06[22m   [34m├─[39m [2m/compliance-decals-gta/index.html[22m [2m(+23ms)[22m 
[2m15:16:06[22m   [34m├─[39m [2m/truck-decals-scarborough-north-york/index.html[22m [2m(+9ms)[22m 
[2m15:16:06[22m   [34m├─[39m [2m/personal-vs-commercial-truck-decals-toronto/index.html[22m [2m(+8ms)[22m 
[2m15:16:06[22m   [34m├─[39m [2m/case-study-truck-decals-toronto/index.html[22m [2m(+6ms)[22m 
[2m15:16:06[22m   [34m├─[39m [2m/design-custom-truck-decals-toronto/index.html[22m [2m(+6ms)[22m 
[2m15:16:06[22m   [34m├─[39m [2m/pickup-truck-decals-toronto-styles/index.html[22m [2m(+20ms)[22m 
[2m15:16:06[22m   [34m├─[39m [2m/truck-decals-for-delivery-companies/index.html[22m [2m(+9ms)[22m 
[2m15:16:06[22m   [34m├─[39m [2m/minimalist-vs-bold-truck-decals-toronto/index.html[22m [2m(+9ms)[22m 
[2m15:16:06[22m   [34m├─[39m [2m/truck-decals-for-real-estate-gta-branding/index.html[22m [2m(+7ms)[22m 
[2m15:16:06[22m   [34m├─[39m [2m/custom-truck-decal-ideas-toronto/index.html[22m [2m(+5ms)[22m 
[2m15:16:06[22m   [34m├─[39m [2m/halloween-truck-decals-toronto/index.html[22m [2m(+5ms)[22m 
[2m15:16:06[22m   [34m├─[39m [2m/farm-and-agricultural-truck-decals/index.html[22m [2m(+6ms)[22m 
[2m15:16:06[22m   [34m├─[39m [2m/boat-and-trailer-decals-vs-truck-decals/index.html[22m [2m(+9ms)[22m 
[2m15:16:06[22m   [34m├─[39m [2m/truck-decals-vs-car-wraps-toronto/index.html[22m [2m(+11ms)[22m 
[2m15:16:06[22m   [34m├─[39m [2m/boost-brand-awareness-with-truck-decals/index.html[22m [2m(+18ms)[22m 
[2m15:16:06[22m   [34m├─[39m [2m/custom-photo-vs-graphic-truck-decal-toronto/index.html[22m [2m(+5ms)[22m 
[2m15:16:06[22m   [34m├─[39m [2m/how-to-remove-truck-decals/index.html[22m [2m(+7ms)[22m 
[2m15:16:06[22m   [34m├─[39m [2m/reflective-truck-decals/index.html[22m [2m(+5ms)[22m 
[2m15:16:06[22m   [34m├─[39m [2m/10-creative-truck-decals-beyond-branding/index.html[22m [2m(+12ms)[22m 
[2m15:16:06[22m   [34m├─[39m [2m/weather-resistant-truck-decals/index.html[22m [2m(+10ms)[22m 
[2m15:16:06[22m   [34m├─[39m [2m/construction-truck-decals/index.html[22m [2m(+9ms)[22m 
[2m15:16:06[22m   [34m├─[39m [2m/fleet-vehicle-decals-toronto-toronto/index.html[22m [2m(+10ms)[22m 
[2m15:16:06[22m   [34m├─[39m [2m/holiday-parade-festival-truck-decals/index.html[22m [2m(+10ms)[22m 
[2m15:16:06[22m   [34m├─[39m [2m/sports-team-truck-decals/index.html[22m [2m(+7ms)[22m 
[2m15:16:06[22m   [34m├─[39m [2m/seasonal-truck-decals/index.html[22m [2m(+8ms)[22m 
[2m15:16:06[22m   [34m├─[39m [2m/custom-truck-decals-toronto-benefits/index.html[22m [2m(+6ms)[22m 
[2m15:16:06[22m   [34m├─[39m [2m/do-truck-decals-last-in-toronto/index.html[22m [2m(+10ms)[22m 
[2m15:16:06[22m   [34m├─[39m [2m/toronto-diy-vs-professional-truck-decals/index.html[22m [2m(+16ms)[22m 
[2m15:16:06[22m   [34m├─[39m [2m/truck-decals-in-toronto-brians-masonry-ram-1500/index.html[22m [2m(+6ms)[22m 
[2m15:16:06[22m   [34m├─[39m [2m/full-van-wrap-toronto-impressions/index.html[22m [2m(+16ms)[22m 
[2m15:16:06[22m   [34m├─[39m [2m/fleet-branding-toronto-trust-roi/index.html[22m [2m(+8ms)[22m 
[2m15:16:06[22m   [34m├─[39m [2m/blog-van-wrap-ideas-gta-toronto/index.html[22m [2m(+14ms)[22m 
[2m15:16:06[22m   [34m├─[39m [2m/full-vs-partial-car-wrap/index.html[22m [2m(+12ms)[22m 
[2m15:16:06[22m   [34m├─[39m [2m/van-lettering-toronto-traffic-into-customers/index.html[22m [2m(+9ms)[22m 
[2m15:16:06[22m   [34m├─[39m [2m/commercial-vehicle-wrap-toronto-subaru-sambar/index.html[22m [2m(+14ms)[22m 
[2m15:16:06[22m   [34m├─[39m [2m/fleet-wraps-in-toronto-cost-per-impression/index.html[22m [2m(+15ms)[22m 
[2m15:16:06[22m   [34m├─[39m [2m/full-car-wrap-vs-partial-wrap/index.html[22m [2m(+12ms)[22m 
[2m15:16:06[22m   [34m├─[39m [2m/ford-f-150-crew-6-5-full-wrap/index.html[22m [2m(+7ms)[22m 
[2m15:16:06[22m   [34m├─[39m [2m/ford-bronco-sport-colour-change-wrap/index.html[22m [2m(+8ms)[22m 
[2m15:16:06[22m   [34m├─[39m [2m/van-wraps-full-vs-partial-roi/index.html[22m [2m(+7ms)[22m 
[2m15:16:06[22m   [34m├─[39m [2m/mercedes-sprinter-decals/index.html[22m [2m(+5ms)[22m 
[2m15:16:06[22m   [34m├─[39m [2m/fleet-decals-for-contractors/index.html[22m [2m(+7ms)[22m 
[2m15:16:06[22m   [34m├─[39m [2m/mercedes-metris-partial-wrap/index.html[22m [2m(+9ms)[22m 
[2m15:16:06[22m   [34m├─[39m [2m/mini-cooper-stripe-decals/index.html[22m [2m(+5ms)[22m 
[2m15:16:06[22m   [34m├─[39m [2m/construction-ford-f150-partial-wrap/index.html[22m [2m(+7ms)[22m 
[2m15:16:06[22m   [34m├─[39m [2m/ford-f250-decals/index.html[22m [2m(+6ms)[22m 
[2m15:16:06[22m   [34m├─[39m [2m/chevy-silverado-colour-change-and-decals/index.html[22m [2m(+19ms)[22m 
[2m15:16:06[22m   [34m├─[39m [2m/commercial-van-branding-colour-psychology/index.html[22m [2m(+15ms)[22m 
[2m15:16:06[22m   [34m├─[39m [2m/colour-change-car-wraps-vs-paint/index.html[22m [2m(+18ms)[22m 
[2m15:16:06[22m   [34m├─[39m [2m/will-a-car-wrap-hide-scratches-and-dents/index.html[22m [2m(+10ms)[22m 
[2m15:16:06[22m   [34m├─[39m [2m/ppf-vs-vinyl-wrap-difference/index.html[22m [2m(+7ms)[22m 
[2m15:16:06[22m   [34m├─[39m [2m/seasonal-decals-for-holiday-promotions-guide/index.html[22m [2m(+5ms)[22m 
[2m15:16:06[22m   [34m├─[39m [2m/3m-avery-kpmf-best-vinyl-car-wraps-toronto/index.html[22m [2m(+5ms)[22m 
[2m15:16:06[22m   [34m├─[39m [2m/roofing-company-vehicle-wraps-toronto-gta/index.html[22m [2m(+7ms)[22m 
[2m15:16:06[22m   [34m├─[39m [2m/boat-wraps-toronto-vinyl-vs-marine-paint/index.html[22m [2m(+5ms)[22m 
[2m15:16:06[22m   [34m├─[39m [2m/fleet-decals-ontario-compliance-guide/index.html[22m [2m(+5ms)[22m 
[2m15:16:06[22m   [34m├─[39m [2m/car-decals-toronto-small-business-advertising/index.html[22m [2m(+5ms)[22m 
[2m15:16:06[22m   [34m├─[39m [2m/best-time-vehicle-wrap-toronto/index.html[22m [2m(+6ms)[22m 
[2m15:16:06[22m   [34m├─[39m [2m/commercial-van-decals-toronto-mercedes/index.html[22m [2m(+16ms)[22m 
[2m15:16:06[22m   [34m├─[39m [2m/partial-truck-wrap-toronto-aimed-group-f250/index.html[22m [2m(+28ms)[22m 
[2m15:16:06[22m   [34m├─[39m [2m/toyota-matrix-commercial-wrap-toronto/index.html[22m [2m(+7ms)[22m 
[2m15:16:06[22m   [34m├─[39m [2m/bold-vehicle-wrap-fonts-typography-guide/index.html[22m [2m(+7ms)[22m 
[2m15:16:06[22m   [34m├─[39m [2m/custom-helmet-vinyl-wrap-toronto/index.html[22m [2m(+12ms)[22m 
[2m15:16:06[22m   [34m├─[39m [2m/van-lettering-and-decals-toronto-ford-transit/index.html[22m [2m(+5ms)[22m 
[2m15:16:06[22m   [34m├─[39m [2m/fleet-wrap-replacement-schedule-guide/index.html[22m [2m(+5ms)[22m 
[2m15:16:06[22m   [34m├─[39m [2m/tesla-cybertruck-wrap-toronto-3m-gloss-black/index.html[22m [2m(+8ms)[22m 
[2m15:16:06[22m   [34m├─[39m [2m/wrap-a-leased-car-ontario-rules/index.html[22m [2m(+5ms)[22m 
[2m15:16:06[22m   [34m├─[39m [2m/full-colour-print-wrap-vs-colour-change/index.html[22m [2m(+5ms)[22m 
[2m15:16:06[22m   [34m├─[39m [2m/custom-helmet-wraps-motorcyclists/index.html[22m [2m(+6ms)[22m 
[2m15:16:06[22m   [34m├─[39m [2m/custom-robot-wrap-toronto-gta/index.html[22m [2m(+5ms)[22m 
[2m15:16:06[22m   [34m├─[39m [2m/rv-wrap-toronto-class-c-motorhome/index.html[22m [2m(+5ms)[22m 
[2m15:16:06[22m   [34m├─[39m [2m/van-lettering-and-decals-in-toronto-djw/index.html[22m [2m(+8ms)[22m 
[2m15:16:06[22m   [34m├─[39m [2m/anime-car-wrap-ai-design-to-print-2/index.html[22m [2m(+6ms)[22m 
[2m15:16:06[22m   [34m├─[39m [2m/cheap-vinyl-wrap-hidden-costs/index.html[22m [2m(+34ms)[22m 
[2m15:16:06[22m   [34m├─[39m [2m/certified-vinyl-wrap-installer-3m-vs-avery/index.html[22m [2m(+16ms)[22m 
[2m15:16:06[22m   [34m├─[39m [2m/van-wrap-cleaning-guide/index.html[22m [2m(+6ms)[22m 
[2m15:16:06[22m   [34m├─[39m [2m/commercial-truck-wrap-toronto-gmc-sierra/index.html[22m [2m(+7ms)[22m 
[2m15:16:06[22m   [34m├─[39m [2m/original-roofing-partial-van-wrap/index.html[22m [2m(+7ms)[22m 
[2m15:16:06[22m   [34m├─[39m [2m/common-van-wrap-mistakes-toronto/index.html[22m [2m(+6ms)[22m 
[2m15:16:06[22m   [34m├─[39m [2m/event-signage-trade-shows-popups/index.html[22m [2m(+8ms)[22m 
[2m15:16:06[22m   [34m├─[39m [2m/update-phone-number-on-vehicle-wrap/index.html[22m [2m(+8ms)[22m 
[2m15:16:06[22m   [34m├─[39m [2m/perforated-window-film-one-way-vision/index.html[22m [2m(+7ms)[22m 
[2m15:16:06[22m   [34m├─[39m [2m/van-wraps-in-toronto-top-industries/index.html[22m [2m(+5ms)[22m 
[2m15:16:06[22m   [34m├─[39m [2m/plumbing-and-hvac-van-wraps-toronto/index.html[22m [2m(+11ms)[22m 
[2m15:16:06[22m   [34m├─[39m [2m/qr-codes-on-van-wraps-lead-generation/index.html[22m [2m(+6ms)[22m 
[2m15:16:06[22m   [34m├─[39m [2m/fleet-wrap-installation-certified-installers/index.html[22m [2m(+18ms)[22m 
[2m15:16:07[22m   [34m├─[39m [2m/catering-van-wrap-toronto-alpha-katering/index.html[22m [2m(+8ms)[22m 
[2m15:16:07[22m   [34m├─[39m [2m/rust-repair-before-vehicle-wrap-toronto/index.html[22m [2m(+10ms)[22m 
[2m15:16:07[22m   [34m├─[39m [2m/fleet-decals-for-contractors-2/index.html[22m [2m(+15ms)[22m 
[2m15:16:07[22m   [34m├─[39m [2m/van-wraps-in-etobicoke-business-advertising/index.html[22m [2m(+9ms)[22m 
[2m15:16:07[22m   [34m├─[39m [2m/remove-ice-and-snow-from-a-wrapped-vehicle/index.html[22m [2m(+7ms)[22m 
[2m15:16:07[22m   [34m├─[39m [2m/vehicle-wrap-insurance-accident-coverage/index.html[22m [2m(+6ms)[22m 
[2m15:16:07[22m   [34m├─[39m [2m/custom-laptop-wraps-tech-branding/index.html[22m [2m(+5ms)[22m 
[2m15:16:07[22m   [34m├─[39m [2m/vehicle-wrap-checklist-before-you-buy/index.html[22m [2m(+6ms)[22m 
[2m15:16:07[22m   [34m├─[39m [2m/ai-generated-vehicle-wrap-printing/index.html[22m [2m(+7ms)[22m 
[2m15:16:07[22m   [34m├─[39m [2m/ai-car-wrap-design-prompts/index.html[22m [2m(+14ms)[22m 
[2m15:16:07[22m   [34m├─[39m [2m/ai-vehicle-wrap-design-problems/index.html[22m [2m(+22ms)[22m 
[2m15:16:07[22m   [34m├─[39m [2m/bumper-wrap-plastic-chrome-bumpers/index.html[22m [2m(+8ms)[22m 
[2m15:16:07[22m   [34m├─[39m [2m/best-vehicle-wrap-file-types/index.html[22m [2m(+6ms)[22m 
[2m15:16:07[22m   [34m├─[39m [2m/knifeless-tape-car-wrap/index.html[22m [2m(+5ms)[22m 
[2m15:16:07[22m   [34m├─[39m [2m/ai-generated-decals-lettering-guide/index.html[22m [2m(+25ms)[22m 
[2m15:16:07[22m   [34m├─[39m [2m/electrician-van-wrap-toronto-cnr-electric/index.html[22m [2m(+11ms)[22m 
[2m15:16:07[22m   [34m├─[39m [2m/how-to-take-vehicle-photos-for-ai-wrap-design/index.html[22m [2m(+5ms)[22m 
[2m15:16:07[22m   [34m├─[39m [2m/blog/page/2/index.html[22m [2m(+6ms)[22m 
[2m15:16:07[22m   [34m├─[39m [2m/blog/page/3/index.html[22m [2m(+5ms)[22m 
[2m15:16:07[22m   [34m├─[39m [2m/blog/page/4/index.html[22m [2m(+14ms)[22m 
[2m15:16:07[22m   [34m├─[39m [2m/blog/page/5/index.html[22m [2m(+6ms)[22m 
[2m15:16:07[22m   [34m├─[39m [2m/blog/page/6/index.html[22m [2m(+8ms)[22m 
[2m15:16:07[22m   [34m├─[39m [2m/blog/page/7/index.html[22m [2m(+6ms)[22m 
[2m15:16:07[22m   [34m├─[39m [2m/blog/page/8/index.html[22m [2m(+6ms)[22m 
[2m15:16:07[22m   [34m├─[39m [2m/blog/page/9/index.html[22m [2m(+9ms)[22m 
[2m15:16:07[22m   [34m├─[39m [2m/blog/page/10/index.html[22m [2m(+6ms)[22m 
[2m15:16:07[22m   [34m├─[39m [2m/blog/page/11/index.html[22m [2m(+34ms)[22m 
[2m15:16:07[22m   [34m├─[39m [2m/blog/page/12/index.html[22m [2m(+9ms)[22m 
[2m15:16:07[22m   [34m├─[39m [2m/blog/page/13/index.html[22m [2m(+7ms)[22m 
[2m15:16:07[22m   [34m├─[39m [2m/blog/page/14/index.html[22m [2m(+5ms)[22m 
[2m15:16:07[22m   [34m├─[39m [2m/blog/page/15/index.html[22m [2m(+5ms)[22m 
[2m15:16:07[22m   [34m├─[39m [2m/blog/page/16/index.html[22m [2m(+7ms)[22m 
[2m15:16:07[22m   [34m├─[39m [2m/blog/page/17/index.html[22m [2m(+6ms)[22m 
[2m15:16:07[22m   [34m├─[39m [2m/blog/page/18/index.html[22m [2m(+8ms)[22m 
[2m15:16:07[22m   [34m├─[39m [2m/blog/page/19/index.html[22m [2m(+5ms)[22m 
[2m15:16:07[22m   [34m├─[39m [2m/blog/page/20/index.html[22m [2m(+14ms)[22m 
[2m15:16:07[22m   [34m├─[39m [2m/blog/page/21/index.html[22m [2m(+7ms)[22m 
[2m15:16:07[22m   [34m├─[39m [2m/blog/page/22/index.html[22m [2m(+7ms)[22m 
[2m15:16:07[22m   [34m├─[39m [2m/blog/page/23/index.html[22m [2m(+27ms)[22m 
[2m15:16:07[22m   [34m├─[39m [2m/blog/page/24/index.html[22m [2m(+10ms)[22m 
[2m15:16:07[22m   [34m├─[39m [2m/blog/page/25/index.html[22m [2m(+5ms)[22m 
[2m15:16:07[22m   [34m├─[39m [2m/blog/page/26/index.html[22m [2m(+6ms)[22m 
[2m15:16:07[22m   [34m├─[39m [2m/blog/page/27/index.html[22m [2m(+5ms)[22m 
[2m15:16:07[22m   [34m├─[39m [2m/blog/page/28/index.html[22m [2m(+5ms)[22m 
[2m15:16:07[22m   [34m├─[39m [2m/blog/page/29/index.html[22m [2m(+11ms)[22m 
[2m15:16:07[22m   [34m├─[39m [2m/blog/page/30/index.html[22m [2m(+10ms)[22m 
[2m15:16:07[22m   [34m├─[39m [2m/blog/page/31/index.html[22m [2m(+5ms)[22m 
[2m15:16:07[22m   [34m├─[39m [2m/blog/page/32/index.html[22m [2m(+10ms)[22m 
[2m15:16:07[22m   [34m├─[39m [2m/blog/page/33/index.html[22m [2m(+9ms)[22m 
[2m15:16:07[22m   [34m├─[39m [2m/blog/page/34/index.html[22m [2m(+11ms)[22m 
[2m15:16:07[22m   [34m├─[39m [2m/author/harjitbrandingcentres-com/page/2/index.html[22m [2m(+13ms)[22m 
[2m15:16:07[22m   [34m├─[39m [2m/author/harjitbrandingcentres-com/page/3/index.html[22m [2m(+21ms)[22m 
[2m15:16:07[22m   [34m├─[39m [2m/author/harjitbrandingcentres-com/page/4/index.html[22m [2m(+8ms)[22m 
[2m15:16:07[22m   [34m├─[39m [2m/author/harjitbrandingcentres-com/page/5/index.html[22m [2m(+6ms)[22m 
[2m15:16:07[22m   [34m├─[39m [2m/author/harjitbrandingcentres-com/page/6/index.html[22m [2m(+6ms)[22m 
[2m15:16:07[22m   [34m├─[39m [2m/author/harjitbrandingcentres-com/page/7/index.html[22m [2m(+5ms)[22m 
[2m15:16:07[22m   [34m├─[39m [2m/author/harjitbrandingcentres-com/page/8/index.html[22m [2m(+5ms)[22m 
[2m15:16:07[22m   [34m├─[39m [2m/author/harjitbrandingcentres-com/page/9/index.html[22m [2m(+16ms)[22m 
[2m15:16:07[22m   [34m├─[39m [2m/author/harjitbrandingcentres-com/page/10/index.html[22m [2m(+6ms)[22m 
[2m15:16:07[22m   [34m├─[39m [2m/author/harjitbrandingcentres-com/page/11/index.html[22m [2m(+12ms)[22m 
[2m15:16:07[22m   [34m├─[39m [2m/author/harjitbrandingcentres-com/page/12/index.html[22m [2m(+11ms)[22m 
[2m15:16:07[22m   [34m├─[39m [2m/author/harjitbrandingcentres-com/page/13/index.html[22m [2m(+13ms)[22m 
[2m15:16:07[22m   [34m├─[39m [2m/author/harjitbrandingcentres-com/page/14/index.html[22m [2m(+15ms)[22m 
[2m15:16:07[22m   [34m├─[39m [2m/author/harjitbrandingcentres-com/page/15/index.html[22m [2m(+5ms)[22m 
[2m15:16:07[22m   [34m├─[39m [2m/author/harjitbrandingcentres-com/page/16/index.html[22m [2m(+6ms)[22m 
[2m15:16:07[22m   [34m├─[39m [2m/author/harjitbrandingcentres-com/page/17/index.html[22m [2m(+5ms)[22m 
[2m15:16:07[22m   [34m├─[39m [2m/author/harjitbrandingcentres-com/page/18/index.html[22m [2m(+7ms)[22m 
[2m15:16:07[22m   [34m├─[39m [2m/author/harjitbrandingcentres-com/page/19/index.html[22m [2m(+6ms)[22m 
[2m15:16:07[22m   [34m├─[39m [2m/author/harjitbrandingcentres-com/page/20/index.html[22m [2m(+5ms)[22m 
[2m15:16:07[22m   [34m├─[39m [2m/author/harjitbrandingcentres-com/page/21/index.html[22m [2m(+5ms)[22m 
[2m15:16:07[22m   [34m├─[39m [2m/author/harjitbrandingcentres-com/page/22/index.html[22m [2m(+8ms)[22m 
[2m15:16:07[22m   [34m├─[39m [2m/author/harjitbrandingcentres-com/page/23/index.html[22m [2m(+15ms)[22m 
[2m15:16:07[22m   [34m├─[39m [2m/author/harjitbrandingcentres-com/page/24/index.html[22m [2m(+14ms)[22m 
[2m15:16:07[22m   [34m├─[39m [2m/author/harjitbrandingcentres-com/page/25/index.html[22m [2m(+8ms)[22m 
[2m15:16:07[22m   [34m├─[39m [2m/author/harjitbrandingcentres-com/page/26/index.html[22m [2m(+12ms)[22m 
[2m15:16:07[22m   [34m├─[39m [2m/author/harjitbrandingcentres-com/page/27/index.html[22m [2m(+7ms)[22m 
[2m15:16:07[22m   [34m├─[39m [2m/author/harjitbrandingcentres-com/page/28/index.html[22m [2m(+6ms)[22m 
[2m15:16:07[22m   [34m├─[39m [2m/author/harjitbrandingcentres-com/page/29/index.html[22m [2m(+17ms)[22m 
[2m15:16:07[22m   [34m├─[39m [2m/author/harjitbrandingcentres-com/page/30/index.html[22m [2m(+5ms)[22m 
[2m15:16:07[22m   [34m├─[39m [2m/author/masoud/page/2/index.html[22m [2m(+6ms)[22m 
[2m15:16:07[22m   [34m├─[39m [2m/author/masoud/page/3/index.html[22m [2m(+7ms)[22m 
[2m15:16:07[22m   [34m└─[39m [2m/author/masoud/page/4/index.html[22m [2m(+5ms)[22m 
[2m15:16:07[22m [35mλ[39m src/pages/[child].xml.ts
[2m15:16:07[22m   [34m├─[39m [2m/post-sitemap1.xml/[22m [2m(+5ms)[22m 
[2m15:16:07[22m   [34m├─[39m [2m/post-sitemap2.xml/[22m [2m(+5ms)[22m 
[2m15:16:07[22m   [34m├─[39m [2m/post-sitemap3.xml/[22m [2m(+1ms)[22m 
[2m15:16:07[22m   [34m├─[39m [2m/page-sitemap.xml/[22m [2m(+4ms)[22m 
[2m15:16:07[22m   [34m├─[39m [2m/locations-served-sitemap.xml/[22m [2m(+1ms)[22m 
[2m15:16:07[22m   [34m├─[39m [2m/wraps-before-after-sitemap.xml/[22m [2m(+2ms)[22m 
[2m15:16:07[22m   [34m├─[39m [2m/web-story-sitemap.xml/[22m [2m(+1ms)[22m 
[2m15:16:07[22m   [34m├─[39m [2m/category-sitemap.xml/[22m [2m(+4ms)[22m 
[2m15:16:07[22m   [34m├─[39m [2m/blogs_vehicles_brand-sitemap.xml/[22m [2m(+2ms)[22m 
[2m15:16:07[22m   [34m├─[39m [2m/pages_type-sitemap.xml/[22m [2m(+1ms)[22m 
[2m15:16:07[22m   [34m├─[39m [2m/author-sitemap.xml/[22m [2m(+2ms)[22m 
[2m15:16:07[22m   [34m└─[39m [2m/wrap-results-categories-sitemap.xml/[22m [2m(+1ms)[22m 
[2m15:16:07[22m [35mλ[39m src/pages/blog/feed/index.html.ts
[2m15:16:07[22m   [34m└─[39m [2m/blog/feed/index.html[22m [2m(+2ms)[22m 
[2m15:16:07[22m [35mλ[39m src/pages/comments/feed/index.html.ts
[2m15:16:07[22m   [34m└─[39m [2m/comments/feed/index.html[22m [2m(+2ms)[22m 
[2m15:16:07[22m [35mλ[39m src/pages/feed/index.html.ts
[2m15:16:07[22m   [34m└─[39m [2m/feed/index.html[22m [2m(+1ms)[22m 
[2m15:16:07[22m [35mλ[39m src/pages/sitemap_index.xml.ts
[2m15:16:07[22m   [34m└─[39m [2m/sitemap_index.xml[22m [2m(+2ms)[22m 
[2m15:16:07[22m [32m▶[39m /vinyl/
[2m15:16:07[22m   [34m└─[39m [2m/vinyl/index.html[22m [2m(+0ms)[22m 
[2m15:16:07[22m [32m✓ Completed in 17.00s.
[39m
[2m15:16:07[22m [34m[build][39m Rearranging server assets...
[2m15:16:07[22m [34m[build][39m Server built in [1m31.29s[22m
[2m15:16:07[22m [34m[build][39m [1mComplete![22m
minify-static-css: poppins.css 21119 -> 17430 bytes
minify-static-css: roboto.css 99306 -> 85033 bytes
minify-static-css: montserrat.css 7348 -> 6033 bytes
minify-static-css: fontawesome.css 59935 -> 59527 bytes
minify-static-css: total 187708 -> 168023 bytes (19685 saved)
inline-homepage-css: inlined 2 stylesheet(s) on the homepage only (116 bytes of <link> markup -> 65302 bytes of inline <style>, removing 2 render-blocking network request(s))

SEO LINT

  pages............................. 1684
    carried from the original....... 1619
    added by this build............. 65
  not pages, skipped................ 3
  noindex pages..................... 938
  JSON-LD blocks, all parsing....... 1655
    BreadcrumbList blocks, generated 49
  pages carrying their tokens....... 1617
  pages carrying the analytics tags. 1682
  images with alt................... 9476
  images without alt................ 1762
  title outside 10-60............... 137
  description outside 50-160........ 63
  regressions against the original.. 0

OPPORTUNITIES — the original has none of these either, so they are
not failures. They are what the port could add on top.

  indexable, no structured data..... 80
  indexable, no meta description.... 198

  no structured data (first 12):
    /avery-dennison-full-van-wrap/
    /covid-19-social-distancing-vinyl-wrap/
    /gtalx-event/
    /locations-served/custom-decals-oakville/
    /locations-served/custom-vinyl-wraps-markham/
    /locations-served/custom-wraps-mississauga/
    /locations-served/custom-wraps-north-york/
    /locations-served/custom-wraps-scarborough/
    /locations-served/custom-wraps-toronto/
    /locations-served/vehicle-graphics-brampton/
    /printing-shop-toronto-yes-were-open/
    /wraps-before-after/1995-renault-master-t35d-partial-wrap/

TITLE LENGTH — the original's own text, not failed (first 8 of 137):
    63 chars  /2-tone-stripes-ford-mustang-avery-3m/
    61 chars  /3m-vinyl-wraps/
    76 chars  /a-rock-inspired-transformation-custom-van-halen-inspired-wrap-for-a-dodge-ram-1500/
    62 chars  /aeropark-ford-transit-van-decals/
    62 chars  /benefits-of-vinyl-wraps-for-real-estate/
    62 chars  /blog/
    78 chars  /blog/page/10/
    78 chars  /blog/page/11/

DESCRIPTION LENGTH — the original's own text, not failed (first 8 of 63):
     4 chars  /5-secrets-to-a-perfect-car-wrap-vwt/
    14 chars  /best-time-vehicle-wrap-toronto/
    11 chars  /blogs/signage/window-graphics/
   188 chars  /boat-wrap-benefits-baja-38-toronto/
    11 chars  /boost-your-branding-game-vinyl-decals/
    24 chars  /box-truck-wrap-in-toronto-atm-systems/
     4 chars  /car-wrap-how-we-do-it-at-vwt/
    37 chars  /chevrolet-silverado-bumper-wrap-matte-black/

SEO LINT PASSED.

